price,lotsize,bedrooms,bathrms,stories,driveway,recroom,fullbase,gashw,airco,garagepl,prefarea,prediction,error,error_decile,abs_error_decile,relative_error
42000.0,5850,3,1,two,yes,no,yes,no,no,1,no,63331.14994135307,21331.14994135307,8,2,0.5078845224131683
38500.0,4000,2,1,one,yes,no,no,no,no,0,no,43386.30505158617,4886.305051586169,7,0,0.12691701432691346
49500.0,3060,3,1,one,yes,no,no,no,no,0,no,41994.986786316585,-7505.0132136834145,6,0,-0.1516164285592609
60500.0,6650,3,1,two,yes,yes,no,no,no,0,no,63707.96613124905,3207.96613124905,7,0,0.05302423357436446
61000.0,6360,2,1,one,yes,no,no,no,no,0,no,51627.58167335915,-9372.41832664085,5,1,-0.1536462020760795
66000.0,4160,3,1,one,yes,yes,yes,no,yes,0,no,67534.73950346008,1534.7395034600777,6,0,0.023253628840304207
66000.0,3880,3,2,two,yes,no,yes,no,no,2,no,74160.56563456025,8160.565634560247,7,1,0.12364493385697345
69000.0,4160,3,1,three,yes,no,no,no,no,0,no,56259.28344399843,-12740.716556001571,5,1,-0.18464806602900827
83800.0,4800,3,1,one,yes,yes,yes,no,no,0,no,56617.33854701245,-27182.66145298755,4,3,-0.32437543499985144
88500.0,5500,3,2,four,yes,yes,no,no,yes,1,no,106180.6312599316,17680.6312599316,8,2,0.19978114418001808
90000.0,7200,3,2,one,yes,no,yes,no,yes,3,no,97681.2860935595,7681.2860935594945,7,0,0.08534762326177216
30500.0,3000,2,1,one,no,no,no,no,no,0,no,32860.103290190935,2360.103290190935,6,0,0.07738043574396508
27000.0,1700,3,1,two,yes,no,no,no,no,0,no,41728.73189917297,14728.73189917297,8,1,0.5455085888582581
36000.0,2880,3,1,one,no,no,no,no,no,0,no,34332.27944435095,-1667.7205556490517,6,0,-0.04632557099025143
37000.0,3600,2,1,one,yes,no,no,no,no,0,no,41989.47850552295,4989.478505522951,7,0,0.13485077041953922
37900.0,3185,2,1,one,yes,no,no,no,yes,0,no,53692.594394131134,15792.594394131134,8,2,0.41669114496388215
40500.0,3300,3,1,two,no,no,no,no,no,1,no,43539.59475318575,3039.594753185753,7,0,0.07505172230088278
40750.0,5200,4,1,three,yes,no,no,no,no,0,no,61782.25658174176,21032.256581741764,8,2,0.5161289958709635
45000.0,3450,1,1,one,yes,no,no,no,no,0,no,39574.44443277028,-5425.55556722972,6,0,-0.12056790149399377
45000.0,3986,2,2,one,no,yes,yes,no,no,1,no,62558.22344412617,17558.223444126168,8,2,0.3901827432028037
48500.0,4785,3,1,two,yes,yes,yes,no,yes,1,no,77457.92841715229,28957.92841715229,9,3,0.5970706890134493
65900.0,4510,4,2,two,yes,no,yes,no,no,0,no,71736.40743059458,5836.407430594583,7,0,0.08856460440962949
37900.0,4000,3,1,two,yes,no,no,no,yes,0,no,62912.80796918525,25012.807969185247,8,3,0.6599685479996108
38000.0,3934,2,1,one,yes,no,no,no,no,0,no,43155.82867148574,5155.828671485739,7,0,0.13567970188120365
42000.0,4960,2,1,one,yes,no,no,no,no,0,no,46738.68876213789,4738.688762137892,7,0,0.11282592290804505
42300.0,3000,2,1,two,yes,no,no,no,no,0,no,44377.194055899454,2077.194055899454,6,0,0.049106242456251864
43500.0,3800,2,1,one,yes,no,no,no,no,0,no,42687.891778554564,-812.1082214454364,6,0,-0.01866915451598704
44000.0,4960,2,1,one,yes,no,yes,no,yes,0,no,63743.662753063785,19743.662753063785,8,2,0.44871960802417693
44500.0,3000,3,1,one,no,no,no,no,yes,0,no,47903.65083831869,3403.6508383186883,7,0,0.0764865356925548
44900.0,4500,3,1,two,yes,no,no,no,yes,0,no,64658.84115176427,19758.841151764267,8,2,0.440063277322144
45000.0,3500,2,1,one,no,no,yes,no,no,0,no,38458.78703354708,-6541.21296645292,6,0,-0.14536028814339821
48000.0,3500,4,1,two,yes,no,no,no,yes,2,no,69573.38303657938,21573.383036579384,8,2,0.4494454799287372
49000.0,4000,2,1,one,yes,no,no,no,no,0,no,43386.30505158617,-5613.694948413831,6,0,-0.1145652030288537
51500.0,4500,2,1,one,yes,no,no,no,no,0,no,45132.33823416519,-6367.661765834811,6,0,-0.12364391778320022
61000.0,6360,2,1,two,yes,no,no,no,no,0,no,56110.53704283048,-4889.462957169519,6,0,-0.08015513044540194
61000.0,4500,2,1,one,yes,no,no,no,yes,2,no,64800.04579630816,3800.045796308157,7,0,0.06229583272636323
61700.0,4032,2,1,one,yes,no,yes,no,no,0,no,47350.701736048344,-14349.298263951656,5,1,-0.2325656120575633
67000.0,5170,3,1,four,yes,no,no,no,yes,0,no,82625.95720231716,15625.957202317164,8,2,0.2332232418256293
82000.0,5400,4,2,two,yes,no,no,no,yes,2,no,90659.4034969511,8659.403496951098,7,1,0.10560248167013533
54500.0,3150,2,2,one,no,no,yes,no,no,0,no,51687.65817231318,-2812.341827686818,6,0,-0.05160260234287739
66500.0,3745,3,1,two,yes,no,yes,no,no,0,no,52722.658176698285,-13777.341823301715,5,1,-0.20717807253085285
70000.0,4520,3,1,two,yes,no,yes,no,yes,0,no,68581.33303984455,-1418.6669601554458,6,0,-0.02026667085936351
82000.0,4640,4,1,two,yes,no,no,no,no,1,no,57144.32319671369,-24855.67680328631,4,3,-0.30311800979617454
92000.0,8580,5,3,two,yes,no,no,no,no,2,no,104954.16959255528,12954.169592555278,7,1,0.14080619122342694
38000.0,2000,2,1,two,yes,no,no,no,no,0,no,40885.127690741414,2885.127690741414,6,0,0.07592441291424773
44000.0,2160,3,1,two,no,no,yes,no,no,0,no,40153.59759168561,-3846.4024083143886,6,0,-0.08741823655259974
41000.0,3040,2,1,one,no,no,no,no,no,0,no,32999.78594479726,-8000.214055202741,6,1,-0.19512717207811564
43000.0,3090,3,1,two,no,no,no,no,no,0,no,39548.56875050547,-3451.4312494945334,6,0,-0.08026584301150078
48000.0,4960,4,1,three,no,no,no,no,no,0,no,53910.02525786665,5910.025257866648,7,0,0.12312552620555516
54800.0,3350,3,1,two,yes,no,no,no,no,0,no,47490.641401683744,-7309.358598316256,6,0,-0.1333824561736543
55000.0,5300,5,2,two,yes,no,no,no,no,0,no,72533.71341627129,17533.71341627129,8,2,0.3187947893867507
57000.0,4100,4,1,one,no,no,yes,no,no,0,no,44336.47508859985,-12663.524911400149,5,1,-0.22216710370877454
68000.0,9166,2,1,one,yes,no,yes,no,yes,2,no,84946.67801691272,16946.678016912716,8,2,0.2492158531898929
95000.0,4040,3,1,two,yes,no,yes,yes,no,1,no,71985.45745282338,-23014.54254717662,4,2,-0.24225834260185916
38000.0,3630,3,3,two,no,yes,no,no,no,0,no,75029.9790453774,37029.979045377404,9,4,0.9744731327730896
25000.0,3620,2,1,one,yes,no,no,no,no,0,no,42059.31983282611,17059.319832826113,8,2,0.6823727933130446
25245.0,2400,3,1,one,no,no,no,no,no,0,no,32656.08758907509,7411.08758907509,7,0,0.29356655135967874
56000.0,7260,3,2,one,yes,yes,yes,no,no,3,no,89431.99236986396,33431.99236986396,9,4,0.5969998637475707
35500.0,4400,3,1,two,yes,no,no,no,no,0,no,51157.31108509969,15657.311085099689,8,2,0.4410510164816814
30000.0,2400,3,1,two,yes,no,no,no,no,0,no,44173.1783547836,14173.178354783602,7,1,0.4724392784927867
48000.0,4120,2,1,two,yes,no,no,no,no,0,no,48288.308384876465,288.3083848764654,6,0,0.006006424684926363
48000.0,4750,2,1,one,yes,no,no,no,no,0,no,46005.354825454706,-1994.6451745452941,6,0,-0.04155510780302696
52000.0,4280,2,1,one,yes,no,no,no,yes,2,no,64031.79119597339,12031.79119597339,7,1,0.23138059992256518
54000.0,4820,3,1,two,yes,no,no,no,no,0,no,52623.97895846607,-1376.0210415339316,6,0,-0.02548187113951725
56000.0,5500,4,1,two,yes,yes,yes,no,no,0,no,65435.96449007339,9435.964490073391,7,1,0.1684993658941677
60000.0,5500,3,1,two,yes,no,no,no,yes,0,no,68150.9075169223,8150.907516922307,7,1,0.1358484586153718
60000.0,5040,3,1,two,yes,no,yes,no,yes,0,no,70397.20754972674,10397.207549726736,7,1,0.1732867924954456
67000.0,6000,2,1,one,yes,no,yes,no,yes,1,no,70633.10383882525,3633.103838825249,7,0,0.0542254304302276
47000.0,2500,2,1,one,no,no,no,no,yes,0,no,44266.3935377607,-2733.6064622393023,6,0,-0.05816183962211281
70000.0,4095,3,1,two,no,yes,yes,no,yes,0,no,64756.57516295896,-5243.424837041042,6,0,-0.07490606910058632
45000.0,4095,2,1,one,yes,no,no,no,no,2,no,50233.43548827038,5233.435488270377,7,0,0.11629856640600839
51000.0,3150,3,1,two,yes,no,yes,no,no,0,no,50644.87868942925,-355.1213105707502,6,0,-0.006963162952367651
32500.0,1836,2,1,one,no,no,yes,no,no,0,no,32647.98860192411,147.9886019241094,6,0,0.00455349544381875
34000.0,2475,3,1,two,yes,no,no,no,no,0,no,44435.083332170456,10435.083332170456,7,1,0.3069142156520722
35000.0,3210,3,1,two,yes,no,yes,no,no,0,no,50854.402671338736,15854.402671338736,8,2,0.452982933466821
36000.0,3180,3,1,one,no,no,no,no,no,0,no,35379.89935389836,-620.1006461016368,6,0,-0.01722501794726769
45000.0,1650,3,1,two,no,no,yes,no,no,0,no,38372.643745455,-6627.356254544997,6,0,-0.14727458343433325
47000.0,3180,4,1,two,yes,no,yes,no,yes,0,no,65793.18822851175,18793.188228511746,8,2,0.39985506869173926
55000.0,3180,2,2,one,yes,no,yes,no,no,2,no,65341.93969149931,10341.939691499312,7,1,0.1880352671181693
63900.0,6360,2,1,one,yes,no,yes,no,yes,1,no,71890.24773028215,7990.24773028215,7,1,0.12504300047389905
50000.0,4240,3,1,two,yes,no,no,no,yes,0,no,63750.903896823176,13750.903896823176,7,1,0.27501807793646355
35000.0,3240,2,1,one,no,yes,no,no,no,1,no,41649.39700836973,6649.397008369728,7,0,0.1899827716677065
50000.0,3650,3,1,two,yes,no,no,no,no,0,no,48538.26131123115,-1461.738688768848,6,0,-0.029234773775376963
43000.0,3240,3,1,two,yes,no,no,no,no,2,no,53621.898233510554,10621.898233510554,7,1,0.24702088915140824
55500.0,3780,2,1,two,yes,yes,yes,no,no,0,no,55647.162106043615,147.1621060436155,6,0,0.0026515694782633424
57000.0,6480,3,1,two,no,no,no,no,yes,1,no,67796.68922453711,10796.689224537113,7,1,0.18941560043047567
60000.0,5850,2,1,one,yes,yes,yes,no,no,2,no,64908.16824444363,4908.16824444363,7,0,0.0818028040740605
78000.0,3150,3,2,one,yes,yes,yes,no,yes,0,no,78458.84684122188,458.846841221879,6,0,0.00588265181053691
35000.0,3000,2,1,one,yes,no,no,no,no,1,no,43151.93075242523,8151.930752425229,7,1,0.2329123072121494
44000.0,3090,2,1,one,yes,yes,yes,no,no,0,no,48754.680944613225,4754.680944613225,7,0,0.10806093055939148
47000.0,6060,3,1,one,yes,yes,yes,no,no,0,no,61017.34216711159,14017.342167111587,7,1,0.2982413227045018
58000.0,5900,4,2,two,no,no,yes,no,no,1,no,72813.93634792417,14813.936347924173,8,1,0.25541269565386504
163000.0,7420,4,1,two,yes,yes,yes,no,yes,2,no,91808.43947331981,-71191.56052668019,0,9,-0.43675804004098273
128000.0,8500,3,2,four,yes,no,no,no,yes,2,no,115221.01669685908,-12778.983303140922,5,1,-0.09983580705578846
123500.0,8050,3,1,one,yes,yes,yes,no,yes,1,no,84376.56972992198,-39123.430270078024,3,5,-0.31678890906945767
39000.0,6800,2,1,one,yes,no,no,no,no,0,no,53164.09087402869,14164.09087402869,7,1,0.3631818172827869
53900.0,8250,3,1,one,yes,no,no,no,no,2,no,66634.19535348102,12734.195353481016,7,1,0.236255943478312
59900.0,8250,3,1,one,yes,no,yes,no,no,3,no,73744.53798025525,13844.537980255249,7,1,0.23112751219123956
35000.0,3500,2,1,one,yes,yes,no,no,no,0,no,46333.777593550905,11333.777593550905,7,1,0.3238222169585973
43000.0,2835,2,1,one,yes,no,no,no,no,0,no,39318.047736177046,-3681.9522638229537,6,0,-0.08562679683309195
57000.0,4500,3,2,two,no,no,yes,no,yes,0,no,75928.45068287561,18928.450682875613,8,2,0.3320780821557125
79000.0,3300,3,3,two,yes,no,yes,no,no,0,no,80070.87737734578,1070.8773773457797,6,0,0.013555409839819996
125000.0,4320,3,1,two,yes,no,yes,yes,no,2,no,76220.92810106472,-48779.071898935275,2,6,-0.3902325751914822
132000.0,3500,4,2,two,yes,no,no,yes,no,2,no,85847.10160540839,-46152.89839459161,2,5,-0.34964316965599707
58000.0,4992,3,2,two,yes,no,no,no,no,2,no,74191.09287183886,16191.09287183886,8,2,0.27915677365239416
43000.0,4600,2,1,one,yes,no,no,no,no,0,no,45481.544870681,2481.5448706809984,6,0,0.05771034582979066
48000.0,3720,2,1,one,no,no,no,no,yes,0,no,48526.714503253505,526.7145032535045,6,0,0.010973218817781344
58500.0,3680,3,2,two,yes,no,no,no,no,0,no,63094.11766875731,4594.11766875731,7,0,0.07853192596166342
73000.0,3000,3,2,two,yes,yes,yes,no,no,0,no,69265.66882577073,-3734.3311742292717,6,0,-0.051155221564784546
63500.0,3750,2,1,one,yes,yes,yes,no,no,0,no,51059.44474561753,-12440.555254382467,5,1,-0.19591425597452705
43000.0,5076,3,1,one,no,no,no,no,no,0,no,42000.857182238,-999.1428177619964,6,0,-0.023235879482837125
46500.0,4500,2,1,one,no,no,no,no,no,0,no,38098.20283792801,-8401.79716207199,6,1,-0.18068380993703206
92000.0,5000,3,1,two,yes,no,no,no,yes,0,no,66404.87433434329,-25595.125665656713,4,3,-0.2782078876701817
75000.0,4260,4,1,two,yes,no,yes,no,yes,0,no,69564.61990288243,-5435.380097117566,6,0,-0.07247173462823421
75000.0,6540,4,2,two,no,no,no,no,yes,0,no,81090.83962499988,6090.839624999877,7,0,0.08121119499999836
85000.0,3700,4,1,two,yes,yes,no,no,yes,0,no,68449.91790216055,-16550.082097839448,5,2,-0.19470684820987585
93000.0,3760,3,1,two,yes,no,no,yes,no,2,no,70412.7203757991,-22587.279624200906,4,2,-0.24287397445377318
94500.0,4000,3,2,two,yes,no,yes,no,yes,1,no,84474.24496253088,-10025.75503746912,5,1,-0.10609264589914413
106500.0,4300,3,2,two,yes,no,yes,no,no,1,no,72369.54144192953,-34130.45855807047,3,4,-0.320473789277657
116000.0,6840,5,1,two,yes,yes,yes,no,yes,1,no,88416.57303351001,-27583.42696648999,4,3,-0.23778816350422405
61500.0,4400,2,1,one,yes,no,no,no,no,1,no,48040.823663646486,-13459.176336353514,5,1,-0.21884839571306527
80000.0,10500,4,2,two,yes,no,no,no,no,1,no,92058.92646311125,12058.926463111246,7,1,0.15073658078889057
37000.0,4400,2,1,one,yes,no,no,no,no,0,no,44783.131597649386,7783.131597649386,7,1,0.21035490804457802
59500.0,4840,3,1,two,yes,no,no,no,no,1,no,55951.51235176633,-3548.4876482336695,6,0,-0.059638447869473435
70000.0,4120,2,1,one,yes,no,yes,no,no,1,no,50915.69564217936,-19084.30435782064,5,2,-0.2726329193974377
95000.0,4260,4,2,two,yes,no,no,yes,no,0,no,81985.6879109343,-13014.312089065701,5,1,-0.13699275883227055
117000.0,5960,3,3,two,yes,yes,yes,no,no,1,no,97310.97169920705,-19689.028300792954,5,2,-0.16828229316917054
122500.0,8800,3,2,two,yes,no,no,no,yes,2,no,100641.20502050947,-21858.79497949053,4,2,-0.1784391426897186
123500.0,4560,3,2,two,yes,yes,yes,no,yes,1,no,91123.30785156315,-32376.69214843685,3,4,-0.26215945059463036
127000.0,4600,3,2,two,yes,yes,no,no,yes,2,no,90668.03201138944,-36331.96798861056,3,4,-0.28607848809929576
35000.0,4840,2,1,two,yes,no,no,no,no,0,no,50802.59616779026,15802.59616779026,8,2,0.4515027476511503
44500.0,3850,3,1,two,yes,no,no,no,no,0,no,49236.674584262764,4736.674584262764,7,0,0.10644212548905088
49900.0,4900,3,1,two,no,no,no,no,no,0,no,45869.20887144152,-4030.791128558478,6,0,-0.0807773773258212
50500.0,3850,3,1,one,yes,no,no,no,no,2,no,51269.10334678563,769.1033467856323,6,0,0.015229769243279848
65000.0,3760,3,1,one,yes,no,no,no,no,2,no,50954.8173739214,-14045.182626078597,5,1,-0.2160797327089015
90000.0,6000,4,2,four,yes,no,no,no,no,1,no,91972.05940579706,1972.0594057970593,6,0,0.02191177117552288
46000.0,4370,3,1,two,yes,no,no,no,no,0,no,51052.549094144946,5052.549094144946,7,0,0.1098380237857597
35000.0,7700,2,1,one,yes,no,no,no,no,0,no,56306.950602670935,21306.950602670935,8,2,0.6087700172191696
26500.0,2990,2,1,one,no,no,no,no,no,1,no,36082.874692536454,9582.874692536454,7,1,0.3616179129259039
43000.0,3750,3,1,two,yes,no,no,no,no,0,no,48887.46794774696,5887.467947746962,7,0,0.13691785924992933
56000.0,3000,3,1,two,yes,no,no,no,no,0,no,46268.418173878425,-9731.581826121575,5,1,-0.17377824689502813
40000.0,2650,3,1,two,yes,no,yes,no,no,1,no,52156.53757284733,12156.53757284733,7,1,0.30391343932118325
51000.0,4500,4,2,two,yes,no,yes,no,no,2,no,78216.8708989372,27216.870898937195,9,3,0.5336641352732784
51000.0,4500,2,1,one,no,no,no,no,no,0,no,38098.20283792801,-12901.79716207199,5,1,-0.25297641494258805
57250.0,4500,3,1,two,no,no,yes,no,yes,0,no,61477.356316304205,4227.356316304205,7,0,0.07384028500094682
44000.0,4500,2,1,two,yes,no,no,yes,no,1,no,67847.93330203998,23847.93330203998,8,3,0.5419984841372723
61000.0,2175,3,1,two,no,yes,yes,no,yes,0,no,58051.80774185552,-2948.1922581444815,6,0,-0.04833102062531937
62000.0,4500,3,2,three,yes,no,no,yes,no,1,no,90130.32007312703,28130.320073127034,9,3,0.4537148398891457
80000.0,4800,5,2,three,no,no,yes,yes,no,0,no,88521.21131717521,8521.211317175213,7,1,0.10651514146469017
50000.0,4600,4,1,two,yes,no,no,no,no,0,no,53746.948476110265,3746.948476110265,7,0,0.0749389695222053
59900.0,3450,3,1,two,yes,no,no,no,no,1,no,51097.54010419665,-8802.459895803353,5,1,-0.14695258590656682
35500.0,3000,3,1,two,no,no,no,no,no,0,no,39234.282777641245,3734.282777641245,7,0,0.10519106415890832
37000.0,3600,2,2,two,yes,no,yes,no,no,1,no,68033.87086833992,31033.870868339916,9,3,0.8387532667118897
42000.0,3600,3,1,two,no,no,no,no,no,1,no,44587.21466273317,2587.2146627331676,6,0,0.06160034911269447
48000.0,3750,3,1,one,yes,no,no,no,no,0,no,44404.51257827563,-3595.4874217243705,6,0,-0.07490598795259105
60000.0,2610,4,3,two,no,no,no,no,no,0,no,68665.7897463514,8665.789746351395,7,1,0.14442982910585658
60000.0,2953,3,1,two,yes,no,yes,no,yes,0,no,63109.26504564189,3109.2650456418924,7,0,0.051821084094031536
60000.0,2747,4,2,two,no,no,no,no,no,0,no,54693.10847180664,-5306.891528193359,6,0,-0.08844819213655598
62000.0,1905,5,1,two,no,no,yes,no,no,0,no,43045.56890452825,-18954.43109547175,5,2,-0.305716630572125
63000.0,3968,3,1,two,no,no,no,no,no,0,no,42614.60301911423,-20385.396980885773,4,2,-0.32357772985532973
63900.0,3162,3,1,two,yes,no,no,no,yes,1,no,63244.1484211799,-655.8515788200966,6,0,-0.010263717978405269
130000.0,6000,4,1,two,yes,no,yes,no,no,2,no,69003.87608010284,-60996.12391989716,1,7,-0.4692009532299782
25000.0,2910,3,1,one,no,no,no,no,no,0,no,34437.041435305684,9437.041435305684,7,1,0.37748165741222733
50000.0,2135,3,2,two,no,no,no,no,no,0,no,50664.73973835095,664.7397383509524,6,0,0.013294794767019048
52900.0,3120,3,1,two,no,no,yes,yes,no,0,no,58480.928934643685,5580.928934643685,7,0,0.10549960178910558
62000.0,4075,3,1,one,yes,yes,yes,no,no,2,no,60600.97456426707,-1399.0254357329322,6,0,-0.02256492638278923
73500.0,3410,3,1,two,no,no,no,no,yes,0,no,53818.35341750481,-19681.64658249519,5,2,-0.26777750452374405
38000.0,2800,3,1,one,yes,no,no,no,no,0,no,41087.049531375495,3087.0495313754946,7,0,0.08123814556251302
46000.0,2684,2,1,one,yes,no,no,no,yes,1,no,55200.76121118406,9200.761211184057,7,1,0.20001654806921865
48000.0,3100,3,1,two,no,no,yes,no,no,0,no,43436.139974934165,-4563.860025065835,6,0,-0.09508041718887156
52500.0,3630,2,1,one,yes,no,yes,no,no,0,no,45946.89105725481,-6553.108942745188,6,0,-0.12482112271895596
32000.0,1950,3,1,one,no,no,no,yes,no,0,no,46059.605357160326,14059.605357160326,7,1,0.4393626674112602
38000.0,2430,3,1,one,no,no,no,no,no,0,no,32760.849580029826,-5239.150419970174,6,0,-0.13787237947289932
46000.0,4320,3,1,one,no,no,no,no,no,1,no,42618.54707617563,-3381.4529238243704,6,0,-0.07350984617009501
50000.0,3036,3,1,two,yes,no,yes,no,no,0,no,50246.78312380123,246.78312380122952,6,0,0.004935662476024591
57500.0,3630,3,2,two,yes,no,no,yes,no,2,no,84409.84611489996,26909.846114899963,9,3,0.46799732373739067
70000.0,5400,4,1,two,yes,no,no,no,no,0,no,56540.6015682367,-13459.3984317633,5,1,-0.19227712045376144
69900.0,3420,4,2,two,yes,no,yes,no,yes,2,no,87597.76265471529,17697.76265471529,8,2,0.2531868763192459
74500.0,3180,3,2,two,yes,no,no,no,no,2,no,67863.46861817248,-6636.531381827517,6,0,-0.0890809581453358
42000.0,3660,4,1,two,no,no,no,no,no,0,no,43430.27069662452,1430.2706966245169,6,0,0.03405406420534564
60000.0,4410,2,1,one,no,no,no,no,no,1,no,41041.60893106088,-18958.39106893912,5,2,-0.31597318448231865
50000.0,3990,3,1,two,yes,no,no,no,no,0,no,49725.56387538489,-274.4361246151093,6,0,-0.005488722492302186
58000.0,4340,3,1,one,yes,no,no,no,no,0,no,46464.83173371888,-11535.168266281122,5,1,-0.19888221148760554
63900.0,3510,3,1,two,yes,no,no,no,no,0,no,48049.37202010903,-15850.627979890967,5,2,-0.24805364600768337
28000.0,3420,5,1,two,no,no,no,no,no,0,no,44483.39888696556,16483.39888696556,8,2,0.588692817391627
54000.0,3420,2,1,two,yes,no,no,yes,no,1,no,64076.50162766929,10076.501627669291,7,1,0.18660188199387576
44700.0,5495,3,1,one,yes,no,yes,no,no,0,no,54350.81894625354,9650.818946253537,7,1,0.2159019898490724
47000.0,3480,4,1,two,no,no,no,no,no,1,no,46059.390816893174,-940.6091831068261,6,0,-0.020012961342698428
50000.0,7424,3,1,one,no,no,no,no,no,0,no,50200.229007629096,200.22900762909558,6,0,0.004004580152581911
57250.0,3460,4,1,two,yes,no,no,no,yes,0,no,62918.316249978874,5668.316249978874,7,0,0.0990098908293253
67000.0,3630,3,1,two,yes,no,no,no,no,2,no,54983.80411592219,-12016.19588407781,5,1,-0.17934620722504194
52500.0,3630,2,1,one,yes,no,no,no,yes,0,no,55246.56392662646,2746.5639266264625,6,0,0.05231550336431357
42000.0,3480,3,1,two,no,no,no,no,no,1,no,44168.1666989142,2168.166698914203,6,0,0.05162301664081436
57500.0,3460,3,2,one,yes,no,yes,no,yes,1,no,78105.57375587421,20605.57375587421,8,2,0.3583578044499863
33000.0,3180,2,1,one,yes,no,no,no,no,0,no,40522.81063215657,7522.810632156572,7,0,0.22796395855019916
34400.0,3635,2,1,one,no,no,no,no,no,0,no,35077.5654320663,677.5654320663016,6,0,0.019696669536811092
40000.0,3960,3,1,one,yes,no,no,no,no,0,no,45137.846514958816,5137.8465149588155,7,0,0.1284461628739704
40500.0,4350,3,1,two,no,no,no,yes,no,1,no,62181.212069008056,21681.212069008056,8,2,0.5353385696051371
46500.0,3930,2,1,one,no,no,no,no,no,0,no,36107.725009787915,-10392.274990212085,5,1,-0.22348978473574377
52000.0,3570,3,1,two,yes,no,yes,no,no,0,no,52111.54656279563,111.54656279562914,6,0,0.002145126207608253
53000.0,3600,3,1,one,yes,no,no,no,no,1,no,47138.39468949902,-5861.605310500978,6,0,-0.11059632661322599
53900.0,2520,5,2,one,no,no,yes,no,yes,1,no,71571.3442123464,17671.344212346405,8,2,0.3278542525481708
50000.0,3480,3,1,one,no,no,no,no,yes,0,no,49579.842693594546,-420.1573064054537,6,0,-0.008403146128109074
55500.0,3180,4,2,two,yes,no,no,no,no,0,no,63239.30860415726,7739.308604157261,7,0,0.1394470018767074
56000.0,3290,2,1,one,yes,no,no,yes,no,1,no,59139.577630727406,3139.5776307274064,7,0,0.0560638862629894
60000.0,4000,4,2,two,no,no,no,no,no,0,no,59068.66762734967,-931.3323726503295,6,0,-0.015522206210838824
60000.0,2325,3,1,two,no,no,no,no,no,0,no,36877.13798115957,-23122.86201884043,4,2,-0.3853810336473405
69500.0,4350,2,1,one,yes,no,yes,no,no,0,no,48461.178840168606,-21038.821159831394,4,2,-0.3027168512205956
72000.0,3540,2,1,one,no,yes,yes,no,no,0,no,43291.97541269717,-28708.024587302833,4,3,-0.39872256371253934
92500.0,3960,3,1,one,yes,no,yes,no,no,2,no,55505.88120773014,-36994.11879226986,3,4,-0.39993641937589036
40500.0,2640,2,1,one,no,no,no,no,no,1,no,34860.65146473114,-5639.3485352688585,6,0,-0.1392431737103422
42000.0,2700,2,1,one,no,no,no,no,no,0,no,31812.48338064352,-10187.51661935648,5,1,-0.24255991950848763
47900.0,2700,3,1,one,no,no,no,no,no,0,no,33703.70749862249,-14196.29250137751,5,1,-0.29637353865088745
52000.0,3180,3,1,two,no,no,yes,no,no,0,no,43715.50528414681,-8284.494715853187,6,1,-0.15931720607409974
62000.0,3500,4,1,two,yes,no,no,no,no,2,no,56421.059606430616,-5578.9403935693845,6,0,-0.08998290957369975
41000.0,3630,2,1,one,yes,no,no,no,no,0,no,42094.240496477694,1094.2404964776943,6,0,0.026688792597016932
138300.0,6000,4,3,two,yes,yes,yes,yes,no,2,no,117574.51817019579,-20725.48182980421,4,2,-0.14985887078672602
42000.0,3150,3,1,two,no,no,no,no,no,0,no,39758.092732414945,-2241.907267585055,6,0,-0.05337874446631083
47000.0,3792,4,1,two,yes,no,no,no,no,0,no,50925.35885306257,3925.358853062571,7,0,0.08351827346941641
64500.0,3510,3,1,three,yes,no,no,no,no,0,no,53989.4403066457,-10510.559693354298,5,1,-0.16295441385045423
46000.0,3120,3,1,two,no,no,no,no,no,0,no,39653.3307414602,-6346.669258539798,6,0,-0.1379710708378217
58000.0,3000,4,1,three,yes,no,yes,no,yes,2,no,77620.06870131416,19620.068701314158,8,2,0.338277046574382
70100.0,4200,3,1,two,yes,no,no,no,no,1,no,53716.58987806518,-16383.410121934823,5,2,-0.23371483768808593
78500.0,2817,4,2,two,no,yes,yes,no,no,1,no,66741.4014686857,-11758.598531314303,5,1,-0.14979106409317583
87250.0,3240,4,1,three,yes,no,no,no,no,1,no,58195.4985720291,-29054.5014279709,4,3,-0.33300288169594155
70800.0,2800,3,2,two,no,no,yes,no,yes,1,no,73249.62992810406,2449.6299281040556,6,0,0.03459929276983129
56000.0,3816,2,1,one,yes,no,yes,no,yes,2,no,66264.12296331718,10264.122963317175,7,1,0.18328791005923528
48000.0,3185,2,1,one,yes,no,yes,no,no,2,no,50908.305656753684,2908.305656753684,6,0,0.06058970118236842
68000.0,6321,3,1,two,yes,no,yes,no,yes,1,no,78128.2366294913,10128.236629491294,7,1,0.14894465631604845
79000.0,3650,3,2,two,yes,no,no,no,no,2,no,69504.73980979677,-9495.260190203233,5,1,-0.12019316696459789
80000.0,4700,4,1,two,yes,yes,yes,no,yes,1,no,79052.32689409282,-947.6731059071753,6,0,-0.011845913823839692
87000.0,6615,4,2,two,yes,yes,no,yes,no,1,no,98160.70199142236,11160.701991422364,7,1,0.12828393093588925
25000.0,3850,3,1,two,yes,no,no,no,no,0,no,49236.674584262764,24236.674584262764,8,3,0.9694669833705105
32500.0,3970,1,1,one,no,no,no,no,no,0,no,34356.18354641527,1856.1835464152682,6,0,0.05711333988970056
36000.0,3000,2,1,two,yes,no,no,no,no,0,no,44377.194055899454,8377.194055899454,7,1,0.23269983488609594
42500.0,4352,4,1,two,no,no,no,no,no,1,no,49104.47268731099,6604.47268731099,7,0,0.1553993573484939
43000.0,3630,4,1,two,yes,no,no,no,no,3,no,60132.72029989827,17132.72029989827,8,2,0.3984353558115876
50000.0,3600,6,1,two,yes,no,no,no,no,1,no,57295.02241290727,7295.022412907267,7,0,0.14590044825814533
26000.0,3000,2,1,one,yes,no,yes,no,no,2,no,50262.27337919945,24262.273379199447,8,3,0.9331643607384402
30000.0,3000,4,1,two,yes,no,no,no,no,0,no,48159.642291857395,18159.642291857395,8,2,0.6053214097285798
34000.0,2787,4,2,two,yes,no,no,no,no,0,no,61866.92652265015,27866.926522650152,9,3,0.8196154859602985
52000.0,3000,2,1,two,yes,no,no,no,yes,0,no,57529.51748604824,5529.517486048237,7,0,0.10633687473169685
70000.0,4770,3,1,one,yes,yes,yes,no,no,0,no,56512.57655605771,-13487.423443942287,5,1,-0.1926774777706041
27000.0,3649,2,1,one,yes,no,no,no,no,0,no,42160.5897574157,15160.589757415699,8,1,0.5615033243487296
32500.0,3970,3,1,two,yes,no,yes,no,no,0,no,53508.37310885885,21008.373108858847,8,2,0.6464114802725799
37200.0,2910,2,1,one,no,no,no,no,no,0,no,32545.817317326713,-4654.182682673287,6,0,-0.12511243770627115
38000.0,3480,2,1,one,yes,no,no,no,no,1,no,44828.12260770109,6828.122607701087,7,0,0.17968743704476545
42000.0,6615,3,1,two,yes,no,no,no,no,0,no,58892.238083924756,16892.238083924756,8,2,0.4021961448553513
44500.0,3500,2,1,one,yes,no,no,no,no,0,no,41640.27186900715,-2859.728130992851,6,0,-0.06426355350545733
45000.0,3450,3,1,two,yes,no,yes,no,no,0,no,51692.498598976665,6692.498598976665,7,0,0.14872219108837031
48500.0,3450,3,1,one,yes,no,yes,no,no,2,no,53724.92736149953,5224.927361499533,7,0,0.10773046106184604
52000.0,3520,2,2,one,yes,no,yes,no,no,0,no,60013.85812365884,8013.858123658843,7,1,0.15411265622420853
53900.0,6930,4,1,two,no,no,no,no,no,1,no,58107.01977668842,4207.019776688423,7,0,0.07805231496639004
60000.0,4600,3,2,two,yes,no,no,no,yes,1,no,82716.83422084858,22716.834220848585,8,2,0.37861390368080977
61000.0,4360,4,1,two,yes,no,no,no,no,0,no,52908.852548472336,-8091.147451527664,6,1,-0.1326417615004535
64500.0,3450,3,1,two,yes,no,yes,no,no,1,no,54950.190664973765,-9549.809335026235,5,1,-0.1480590594577711
71000.0,4410,4,3,two,yes,no,yes,no,no,2,no,92353.67929264439,21353.67929264439,8,2,0.3007560463752731
75500.0,4600,2,2,one,yes,no,no,no,yes,2,no,79600.34679939538,4100.346799395382,7,0,0.05430922913106466
33500.0,3640,2,1,one,yes,no,no,no,no,0,no,42129.161160129275,8629.161160129275,7,1,0.2575869003023664
41000.0,6000,2,1,one,yes,no,no,no,no,0,no,50370.437781902256,9370.437781902256,7,1,0.22854726297322575
41000.0,5400,4,1,two,yes,no,no,no,no,0,no,56540.6015682367,15540.6015682367,8,1,0.3790390626399195
46200.0,3640,4,1,two,yes,no,yes,no,no,0,no,54247.21532633566,8047.2153263356595,7,1,0.17418214992068526
48500.0,3640,2,1,one,yes,no,no,no,no,0,no,42129.161160129275,-6370.838839870725,6,0,-0.13135750185300463
48900.0,4040,2,1,one,yes,no,no,no,no,0,no,43525.98770619249,-5374.012293807507,6,0,-0.10989800191835393
50000.0,3640,2,1,one,yes,no,no,no,no,1,no,45386.853226126375,-4613.146773873625,6,0,-0.0922629354774725
51000.0,3640,2,1,one,yes,no,no,no,no,0,no,42129.161160129275,-8870.838839870725,5,1,-0.17393801646805343
52500.0,5640,2,1,one,no,no,no,no,no,0,no,42079.158494208175,-10420.841505791825,5,1,-0.19849221915793952
52500.0,3600,2,1,one,yes,no,no,no,no,0,no,41989.47850552295,-10510.521494477049,5,1,-0.20020040941861045
54000.0,3600,2,1,one,yes,no,no,no,no,0,no,41989.47850552295,-12010.521494477049,5,1,-0.22241706471253794
59000.0,4632,4,1,two,yes,no,no,no,yes,0,no,67011.0180299441,8011.018029944098,7,1,0.135779966609222
60000.0,3640,3,2,two,yes,no,yes,no,no,0,no,66807.08557492812,6807.085574928118,7,0,0.11345142624880197
63000.0,4900,2,1,two,yes,no,yes,no,no,0,no,54864.770710476856,-8135.229289523144,6,1,-0.1291306236432245
64000.0,4510,4,1,two,yes,no,no,no,yes,2,no,73100.37006538901,9100.370065389012,7,1,0.1421932822717033
64900.0,4100,2,2,one,yes,yes,yes,no,no,0,no,66732.76233999427,1832.7623399942677,6,0,0.028239789522253738
65000.0,3640,3,1,two,yes,no,no,no,yes,0,no,61655.66407772835,-3344.3359222716535,6,0,-0.05145132188110236
66000.0,5680,3,1,two,yes,yes,no,no,yes,1,no,76730.67725319162,10730.677253191621,7,1,0.16258601898775185
70000.0,6300,3,1,one,yes,no,no,no,yes,2,no,72976.9893715716,2976.9893715716025,7,0,0.04252841959388003
65500.0,4000,3,1,two,yes,no,no,no,no,1,no,53018.17660503357,-12481.823394966428,5,1,-0.19056218923612867
57000.0,3960,3,1,two,yes,no,no,no,no,0,no,49620.80188443015,-7379.198115569852,6,0,-0.12945961606262898
52000.0,5960,3,1,two,yes,yes,yes,no,no,0,no,65151.090900067116,13151.090900067116,7,1,0.25290559423205994
54000.0,5830,2,1,one,yes,no,no,no,no,2,no,56292.17063181958,2292.1706318195793,6,0,0.042447604292955174
74500.0,4500,4,2,one,no,no,yes,no,yes,2,no,79852.10356337746,5352.103563377459,7,0,0.07184031628694576
90000.0,4100,3,2,three,yes,no,no,no,yes,2,no,90168.56139080333,168.5613908033265,6,0,0.0018729043422591833
45000.0,6750,2,1,one,yes,no,no,no,no,0,no,52989.487555770786,7989.487555770786,7,1,0.17754416790601746
45000.0,9000,3,1,two,yes,no,no,no,no,2,no,73736.20049682088,28736.20049682088,9,3,0.6385822332626861
65000.0,2550,3,1,two,yes,no,yes,no,no,0,no,48549.63887033443,-16450.361129665573,5,2,-0.2530824789179319
55000.0,7152,3,1,two,yes,no,no,no,yes,0,no,73919.8011521634,18919.801152163403,8,2,0.34399638458478915
62000.0,6450,4,1,two,yes,no,no,no,no,0,no,60207.27125165265,-1792.7287483473483,6,0,-0.028914979812054004
30000.0,3360,2,1,one,yes,no,no,no,no,1,no,44409.07464388212,14409.074643882122,7,1,0.48030248812940407
34000.0,3264,2,1,one,yes,no,no,no,no,0,no,40816.14420682985,6816.144206829849,7,0,0.20047482961264262
38000.0,4000,3,1,one,yes,no,no,no,no,0,no,45277.52916956514,7277.5291695651395,7,0,0.1915139255148721
39000.0,4000,3,1,two,yes,no,no,no,no,1,no,53018.17660503357,14018.176605033572,7,1,0.3594404257700916
45000.0,3069,2,1,one,yes,no,no,no,no,1,no,43392.88333162113,-1607.1166683788688,6,0,-0.03571370374175264
47000.0,4040,2,1,one,yes,no,no,no,no,0,no,43525.98770619249,-3474.0122938075074,6,0,-0.07391515518739378
47500.0,4040,2,1,one,yes,no,no,no,no,1,no,46783.67977218959,-716.3202278104072,6,0,-0.015080425848640153
49000.0,3185,2,1,one,yes,no,no,no,no,2,no,47055.65509597656,-1944.344904023441,6,0,-0.03968050824537635
50000.0,5900,2,1,one,yes,no,no,no,no,1,no,53278.92321138355,3278.9232113835533,7,0,0.06557846422767107
50000.0,3120,3,1,two,yes,no,no,no,no,1,no,49945.15820369449,-54.8417963055108,6,0,-0.0010968359261102159
52900.0,5450,2,1,one,yes,no,no,no,no,0,no,48449.80128106533,-4450.198718934669,6,0,-0.08412473948836803
53000.0,4040,2,1,one,yes,no,no,no,no,0,no,43525.98770619249,-9474.012293807507,5,1,-0.1787549489397643
55000.0,4080,2,1,one,yes,no,no,no,no,0,no,43665.67036079882,-11334.329639201183,5,1,-0.2060787207127488
56000.0,8080,3,1,one,yes,no,no,no,yes,2,no,79192.86750155293,23192.86750155293,8,2,0.4141583482420166
58500.0,4040,2,1,two,yes,no,no,no,no,1,no,51266.635141660925,-7233.364858339075,6,0,-0.12364726253571068
59500.0,4080,3,1,two,yes,no,no,no,no,2,no,56555.233980243305,-2944.7660197566947,6,0,-0.04949186587826378
60000.0,5800,3,1,one,yes,no,no,yes,no,2,no,73053.58039125017,13053.580391250172,7,1,0.21755967318750288
64000.0,5885,2,1,one,yes,no,no,no,yes,1,no,66378.86564605495,2378.8656460549537,6,0,0.03716977571960865
67000.0,9667,4,2,two,yes,yes,yes,no,no,1,no,97696.19146625546,30696.191466255463,9,3,0.4581521114366487
68100.0,3420,4,2,two,yes,no,no,no,no,0,no,64077.40453179519,-4022.5954682048105,6,0,-0.05906894960653172
70000.0,5800,2,1,one,yes,yes,yes,no,yes,0,no,71370.5042243403,1370.5042243403004,6,0,0.019578631776290007
72000.0,7600,4,1,two,yes,no,no,no,yes,2,no,83890.85513372737,11890.855133727368,7,1,0.16515076574621343
57500.0,5400,3,1,one,yes,no,no,no,no,3,no,59939.4982787777,2439.498278777697,6,0,0.04242605702222082
69900.0,4995,4,2,one,yes,no,yes,no,no,0,no,68947.1042482249,-952.8957517750969,6,0,-0.013632271126968482
70000.0,3000,3,1,two,yes,no,yes,no,yes,0,no,63273.392164804325,-6726.607835195675,6,0,-0.0960943976456525
75000.0,5500,3,2,one,yes,no,yes,no,no,0,no,68819.37364465074,-6180.626355349261,6,0,-0.08240835140465681
76900.0,6450,3,2,one,yes,yes,yes,yes,no,0,no,91805.290048501,14905.290048501003,8,1,0.19382691870612487
78000.0,6210,4,1,four,yes,yes,no,no,yes,0,no,92842.43606460426,14842.436064604262,8,1,0.1902876418539008
80000.0,5000,3,1,four,yes,no,no,no,no,0,no,68879.98249009153,-11120.017509908474,5,1,-0.1390002188738559
82000.0,5000,3,1,three,yes,no,no,no,yes,0,no,72344.94262087996,-9655.057379120044,5,1,-0.11774460218439078
83000.0,5828,4,1,four,yes,yes,no,no,no,0,no,78356.14328296512,-4643.856717034883,6,0,-0.05595008092813113
83000.0,5200,3,1,three,yes,no,no,no,yes,0,no,73043.35589391156,-9956.644106088439,5,1,-0.11995956754323421
83900.0,5500,3,1,three,yes,yes,no,no,yes,1,no,82042.17359399983,-1857.8264060001675,6,0,-0.0221433421454132
88500.0,6350,3,2,three,yes,yes,no,no,yes,0,no,96203.83230495849,7703.832304958487,7,0,0.08704895259840098
93000.0,8250,3,2,three,yes,no,no,no,yes,0,no,98145.25267421501,5145.252674215008,7,0,0.055325297572204384
98000.0,6000,3,1,one,yes,no,no,no,yes,1,no,68671.6773960271,-29328.322603972905,4,3,-0.2992685979997235
98500.0,7700,3,2,one,yes,no,no,no,no,2,no,79164.65321921551,-19335.346780784486,5,2,-0.1962979368607562
99000.0,8880,3,2,two,yes,no,yes,no,yes,1,no,101515.52882450214,2515.5288245021366,6,0,0.025409382065678148
101000.0,8880,2,1,one,yes,no,no,no,yes,1,no,76837.60440970329,-24162.395590296714,4,3,-0.23923163950788826
110000.0,6480,3,2,four,yes,no,no,no,yes,2,no,108167.04263923982,-1832.9573607601778,6,0,-0.016663248734183435
115442.0,7000,3,2,four,yes,no,no,no,yes,2,no,109982.917149122,-5459.082850877996,6,0,-0.04728853321042598
120000.0,8875,3,1,one,yes,no,no,no,no,1,no,65559.0447657077,-54440.9552342923,2,7,-0.4536746269524358
124000.0,7155,3,2,one,yes,yes,yes,no,yes,2,no,98959.95676567404,-25040.04323432596,4,3,-0.20193583253488678
175000.0,8960,4,4,four,yes,no,no,no,yes,3,no,150878.47214195068,-24121.527858049318,4,3,-0.1378373020459961
50000.0,7350,2,1,one,yes,no,no,no,no,1,no,58342.419440862715,8342.419440862715,7,1,0.1668483888172543
55000.0,3850,2,1,one,yes,no,no,no,no,0,no,42862.49509681246,-12137.504903187539,5,1,-0.22068190733068252
60000.0,7000,3,1,one,yes,no,no,no,no,3,no,65526.80446303057,5526.804463030567,7,0,0.09211340771717612
61000.0,7770,2,1,one,yes,no,no,no,no,1,no,59809.087314229095,-1190.9126857709052,6,0,-0.019523158783129595
106000.0,7440,3,2,one,yes,yes,yes,no,yes,0,yes,102134.53748878947,-3865.4625112105277,6,0,-0.036466627464250265
155000.0,7500,3,3,one,yes,no,yes,no,yes,2,yes,118617.03424472081,-36382.96575527919,3,4,-0.23472881132438186
141000.0,8100,4,1,two,yes,yes,yes,no,yes,2,yes,102877.77054266687,-38122.22945733313,3,4,-0.2703704216832137
62500.0,3900,3,1,two,yes,no,no,no,no,0,no,49411.27790252067,-13088.72209747933,5,1,-0.2094195535596693
70000.0,2970,3,1,three,yes,no,no,no,no,0,no,52103.72446946036,-17896.275530539642,5,2,-0.2556610790077092
73000.0,3000,3,1,two,yes,no,yes,no,no,0,no,50121.06873465555,-22878.93126534445,4,2,-0.3134100173334856
80000.0,10500,2,1,one,yes,no,no,no,no,1,no,69342.42849111056,-10657.571508889436,5,1,-0.13321964386111795
80000.0,5500,3,2,two,yes,no,no,no,no,1,no,72707.37051934205,-7292.6294806579535,6,0,-0.09115786850822442
88000.0,4500,3,1,four,yes,no,no,no,yes,0,no,80286.27273766129,-7713.727262338711,6,0,-0.08765599161748534
49000.0,3850,3,1,one,yes,no,no,no,no,0,no,44753.71921479143,-4246.280785208568,6,0,-0.08665879153486873
52000.0,4130,3,2,two,yes,no,no,no,no,2,no,71180.93166507263,19180.931665072625,8,2,0.36886407048216585
59500.0,4046,3,1,two,yes,no,yes,no,no,1,no,57031.46221860796,-2468.5377813920422,6,0,-0.041488029939362056
60000.0,4079,3,1,three,yes,no,no,no,no,0,no,55976.426068420624,-4023.573931579376,6,0,-0.06705956552632293
64000.0,4000,3,1,two,yes,no,no,no,no,2,no,56275.868671030665,-7724.131328969335,6,0,-0.12068955201514586
64500.0,9860,3,1,one,yes,no,no,no,no,0,no,65741.03806939127,1241.038069391274,6,0,0.019240900300639904
68500.0,7000,3,1,two,yes,no,yes,no,no,0,no,64089.334195287716,-4410.665804712284,6,0,-0.06438928182061728
78500.0,7980,3,1,one,yes,no,no,no,no,2,no,65691.33743488835,-12808.662565111648,5,1,-0.16316767598868342
86000.0,6800,2,1,one,yes,yes,yes,no,no,2,no,68225.63129134377,-17774.368708656228,5,2,-0.2066787059146073
86900.0,4300,6,2,two,yes,no,no,no,no,0,no,70932.87116909222,-15967.128830907779,5,2,-0.1837414134741977
75000.0,10269,3,1,one,yes,no,no,no,no,1,yes,79121.7112197776,4121.7112197776005,7,0,0.054956149597034674
78000.0,6100,3,1,three,yes,yes,no,no,yes,0,yes,89574.44728813715,11574.447288137148,7,1,0.14839034984791216
95000.0,6420,3,2,three,yes,no,no,no,yes,0,yes,100449.49716701539,5449.49716701539,7,0,0.05736312807384621
97000.0,12090,4,2,two,yes,no,no,no,no,2,yes,109563.72999074921,12563.729990749212,7,1,0.12952298959535272
107000.0,6600,3,1,four,yes,no,no,no,yes,3,yes,106087.41424352406,-912.5857564759353,6,0,-0.00852883884556949
130000.0,6600,4,2,two,yes,yes,yes,no,yes,1,yes,108833.07329550412,-21166.926704495883,4,2,-0.1628225131115068
145000.0,8580,4,3,four,yes,no,no,no,yes,2,yes,140537.4264316617,-4462.573568338295,6,0,-0.03077636943681583
175000.0,9960,3,2,two,yes,no,yes,no,no,2,yes,104087.05507576074,-70912.94492423926,0,9,-0.40521682813851007
72000.0,10700,3,1,two,yes,yes,yes,no,no,0,no,81703.48547091625,9703.485470916246,7,1,0.13477063154050342
84900.0,15600,3,1,one,yes,no,no,no,yes,2,no,105453.20656754142,20553.20656754142,8,2,0.24208723872251378
99000.0,13200,2,1,one,yes,no,yes,yes,no,1,no,97598.60587022075,-1401.394129779248,6,0,-0.014155496260396444
114000.0,9000,4,2,four,yes,no,no,no,yes,2,no,118858.27399741707,4858.273997417069,7,0,0.04261643857383394
120000.0,7950,5,2,two,yes,no,yes,yes,no,2,no,107130.67160911778,-12869.32839088222,5,1,-0.10724440325735184
145000.0,16200,5,3,two,yes,no,no,no,no,0,no,125048.33116306539,-19951.66883693461,5,2,-0.1375977161167904
79000.0,6100,3,2,one,yes,no,yes,no,no,2,yes,86124.72353677936,7124.723536779362,7,0,0.09018637388328306
82000.0,6360,3,1,one,yes,yes,yes,no,yes,2,yes,90427.39557984157,8427.39557984157,7,1,0.10277311682733622
85000.0,6420,3,1,one,yes,no,yes,no,yes,0,yes,79428.02970521309,-5571.970294786908,6,0,-0.06555259170337539
100500.0,6360,4,2,three,yes,no,no,no,yes,2,yes,108646.58143507908,8146.581435079075,7,1,0.08106051179183159
122000.0,6540,4,2,two,yes,yes,yes,no,yes,2,yes,111881.24137959174,-10118.758620408262,5,1,-0.08294064442957591
126500.0,6420,3,2,two,yes,no,no,no,yes,1,yes,97767.12094647581,-28732.879053524186,4,3,-0.2271373838223256
133000.0,6550,4,2,two,yes,no,no,no,yes,1,yes,100112.31369192533,-32887.68630807467,3,4,-0.24727583690281707
140000.0,5750,3,2,four,yes,yes,no,no,yes,1,yes,115748.37379226071,-24251.62620773929,4,3,-0.17322590148385206
190000.0,7420,4,2,three,yes,no,no,no,yes,2,yes,112348.1717821466,-77651.8282178534,0,9,-0.4086938327255442
84000.0,7160,3,1,one,yes,no,yes,no,no,2,yes,75375.21951727547,-8624.780482724527,5,1,-0.10267595812767294
97000.0,4000,3,2,two,yes,no,yes,no,yes,0,yes,89911.27883757337,-7088.721162426635,6,0,-0.07307959961264572
103500.0,9000,4,2,four,yes,yes,no,no,yes,1,yes,128988.81359700332,25488.813597003318,8,3,0.24626873040582917
112500.0,6550,3,1,two,yes,no,yes,no,yes,0,yes,84364.95370215498,-28135.046297845023,4,3,-0.2500893004252891
140000.0,13200,3,1,two,yes,no,yes,no,yes,2,yes,114102.57916245016,-25897.420837549842,4,3,-0.1849815774110703
74700.0,7085,3,1,one,yes,yes,yes,no,no,2,yes,79806.82026443238,5106.820264432376,7,0,0.06836439443684572
78000.0,6600,4,2,two,yes,yes,yes,no,no,0,yes,92423.05779935824,14423.057799358241,8,1,0.18491099742766975
78900.0,6900,3,1,one,yes,yes,yes,no,no,0,yes,72645.40385488393,-6254.596145116069,6,0,-0.07927244797358769
83900.0,11460,3,1,three,yes,no,no,no,no,2,yes,96961.47798268593,13061.47798268593,7,1,0.15567911779125065
85000.0,7020,3,1,one,yes,no,yes,no,yes,2,yes,88038.6536563021,3038.6536563021073,7,0,0.035748866544730674
85000.0,6540,3,1,one,yes,yes,yes,no,no,2,yes,77903.64409542124,-7096.355904578755,6,0,-0.08348654005386771
86000.0,8000,3,1,one,yes,yes,yes,no,yes,2,yes,96154.38441870076,10154.384418700763,7,1,0.11807423742675306
86900.0,9620,3,1,one,yes,no,yes,no,no,2,yes,83965.70277556425,-2934.2972244357516,6,0,-0.033766366219053524
94500.0,10500,3,2,one,yes,no,yes,no,yes,1,yes,111384.44690762642,16884.44690762642,8,2,0.17867139584789865
96000.0,5020,3,1,four,yes,no,no,no,yes,0,yes,90796.87318858306,-5203.126811416936,6,0,-0.054199237618926414
106000.0,7440,3,2,four,yes,no,no,no,no,1,yes,103804.13679468527,-2195.8632053147303,6,0,-0.020715690616176702
72000.0,6600,3,1,one,yes,yes,yes,no,no,0,yes,71597.78394533652,-402.2160546634841,6,0,-0.00558633409254839
74500.0,7200,3,1,two,yes,yes,yes,no,no,1,yes,81433.67119989978,6933.671199899778,7,0,0.09306941207919166
77000.0,6710,3,2,two,yes,yes,yes,no,no,1,yes,94173.65304754376,17173.65304754376,8,2,0.223034455162906
80750.0,6660,4,2,two,yes,yes,yes,no,no,1,yes,95890.27384726482,15140.27384726482,8,1,0.18749565135931665
82900.0,7000,3,1,one,yes,no,yes,no,no,2,yes,74816.48889885018,-8083.511101149823,6,1,-0.09750918095476264
85000.0,7231,3,1,two,yes,yes,yes,no,yes,0,yes,91436.55662137136,6436.556621371361,7,0,0.07572419554554542
92500.0,7410,3,1,one,yes,yes,yes,no,yes,2,yes,94094.06526325751,1594.0652632575075,6,0,0.017233137981162244
76000.0,7800,3,1,one,yes,no,yes,no,yes,2,yes,90762.46542112538,14762.46542112538,8,1,0.1942429660674392
77500.0,6825,3,1,one,yes,yes,yes,no,yes,0,yes,85535.82230764585,8035.822307645853,7,1,0.10368802977607551
80000.0,6360,3,1,three,yes,no,no,no,no,0,yes,72636.5553883857,-7363.4446116142935,6,0,-0.09204305764517867
80000.0,6600,4,2,one,yes,no,yes,no,no,0,yes,83246.59670534315,3246.5967053431523,7,0,0.0405824588167894
86000.0,6900,3,2,one,yes,yes,yes,no,no,0,yes,87096.49822145535,1096.4982214553456,6,0,0.012749979319248206
87000.0,6600,3,1,one,yes,yes,yes,no,no,2,yes,78113.16807733072,-8886.831922669284,5,1,-0.10214749336401475
87500.0,6420,3,1,three,yes,no,yes,no,no,0,yes,76698.72993107232,-10801.270068927683,5,1,-0.12344308650203066
89000.0,6600,3,2,one,yes,no,yes,no,yes,0,yes,94507.69601751295,5507.69601751295,7,0,0.06188422491587584
89900.0,6600,3,2,three,yes,no,no,no,yes,0,yes,101078.06911274383,11178.069112743833,7,1,0.12433892227746199
90000.0,9000,3,1,one,yes,no,yes,no,no,1,yes,78542.92956316916,-11457.070436830836,5,1,-0.12730078263145372
95000.0,6500,3,2,three,yes,no,no,no,yes,0,yes,100728.86247622802,5728.862476228023,7,0,0.06030381553924235
112000.0,6360,3,2,four,yes,no,no,no,yes,0,yes,109927.33648446624,-2072.663515533757,6,0,-0.018505924245837118
31900.0,5300,3,1,one,no,no,no,no,yes,0,yes,64630.129419221776,32730.129419221776,9,4,1.0260228658063253
52000.0,2850,3,2,two,no,no,yes,no,no,0,yes,65708.94369125567,13708.94369125567,7,1,0.2636335325241475
90000.0,6400,3,1,one,yes,yes,yes,no,yes,1,yes,87309.38616845079,-2690.6138315492135,6,0,-0.029895709239435707
100000.0,11175,3,1,one,yes,no,yes,no,yes,1,yes,99290.49733753668,-709.5026624633174,6,0,-0.007095026624633174
91700.0,6750,2,1,one,yes,yes,yes,no,no,2,yes,76745.75391412545,-14954.246085874547,5,1,-0.163077928962645
174500.0,7500,4,2,two,yes,no,yes,no,yes,3,yes,113797.8114315968,-60702.1885684032,1,7,-0.34786354480460285
94700.0,6000,3,1,two,yes,no,no,yes,no,1,yes,83671.9829087956,-11028.017091204398,5,1,-0.11645213401482997
68000.0,10240,2,1,one,yes,no,no,no,yes,2,yes,93539.23267335493,25539.232673354927,8,3,0.37557695107874894
80000.0,5136,3,1,two,yes,yes,yes,no,yes,0,yes,84120.67758636526,4120.677586365258,7,0,0.05150846982956573
61100.0,3400,3,1,two,yes,no,yes,no,no,2,yes,66728.00535375255,5628.005353752553,7,0,0.09211138058514816
62900.0,2880,3,1,two,yes,no,no,no,no,0,yes,54544.096151099046,-8355.903848900954,6,1,-0.13284425832910898
65500.0,3840,3,1,two,yes,no,no,no,no,1,yes,61154.17192764787,-4345.828072352131,6,0,-0.06634852018858216
66000.0,2870,2,1,two,yes,yes,yes,no,no,0,yes,61164.10765478939,-4835.89234521061,6,0,-0.0732710961395547
49500.0,5320,2,1,one,yes,no,no,no,no,1,yes,59948.25066063148,10448.250660631478,7,1,0.21107577092184804
50000.0,3512,2,1,one,yes,no,no,no,no,1,yes,53634.59467242574,3634.5946724257374,7,0,0.07269189344851475
53500.0,3480,2,1,one,yes,no,no,no,no,0,yes,50265.15648274357,-3234.8435172564277,6,0,-0.06046436480853136
58550.0,3600,3,1,one,yes,no,yes,no,yes,0,yes,69580.4025554674,11030.4025554674,7,1,0.18839287028979335
64500.0,3520,2,1,two,yes,no,no,no,no,0,yes,54887.79450682123,-9612.205493178772,5,1,-0.14902644175470964
65000.0,5320,3,1,two,yes,yes,yes,no,no,0,yes,71610.89436740556,6610.894367405563,7,0,0.10170606719085482
69000.0,6040,3,1,one,yes,no,no,no,no,2,yes,67611.45462752134,-1388.545372478664,6,0,-0.02012384597795165
73000.0,11410,2,1,two,yes,no,no,no,no,0,yes,82440.1981279182,9440.198127918193,7,1,0.12931778257422183
75000.0,8400,3,1,two,yes,yes,yes,no,yes,2,yes,102034.16633423531,27034.166334235313,9,3,0.3604555511231375
75000.0,5300,4,2,one,yes,no,no,no,yes,0,yes,88006.58330000934,13006.58330000934,7,1,0.17342111066679122
132000.0,7800,3,2,two,yes,no,no,no,no,0,yes,86176.15703424804,-45823.84296575196,2,5,-0.3471503254981209
60000.0,3520,3,1,two,yes,no,no,no,no,0,yes,56779.0186248002,-3220.981375199801,6,0,-0.05368302291999668
65000.0,5360,3,1,two,yes,no,no,no,no,2,yes,69719.8048686852,4719.804868685198,7,0,0.0726123825951569
69000.0,6862,3,1,two,yes,no,no,no,yes,2,yes,88117.21197930136,19117.211979301355,8,2,0.2770610431782805
51900.0,3520,3,1,one,yes,no,no,no,no,2,yes,58811.44738732307,6911.447387323067,7,0,0.13316854310834425
57000.0,4050,2,1,two,yes,yes,yes,no,no,0,yes,65284.74596567587,8284.745965675873,7,1,0.1453464204504539
65000.0,3520,3,1,one,yes,no,no,no,no,0,yes,52296.063255328874,-12703.936744671126,5,1,-0.1954451806872481
79500.0,4400,4,1,two,yes,no,no,no,yes,2,yes,81410.96870626122,1910.968706261221,6,0,0.024037342217122278
72500.0,5720,2,1,two,yes,no,no,no,yes,0,yes,75722.6639403177,3222.663940317696,7,0,0.04445053710783029
104900.0,11440,4,1,two,yes,no,yes,no,no,1,yes,93437.75098160509,-11462.249018394912,5,1,-0.1092683414527637
114900.0,7482,3,2,three,yes,no,no,yes,no,1,yes,109238.3879150679,-5661.612084932101,6,0,-0.04927425661385641
120000.0,5500,4,2,two,yes,no,yes,no,yes,1,yes,100298.2945692865,-19701.705430713497,5,2,-0.16418087858927913
58000.0,4320,3,1,two,yes,no,no,no,no,2,yes,66088.05584892083,8088.055848920834,7,1,0.13944923877449714
67000.0,5400,2,1,two,yes,no,no,no,no,0,yes,61452.87927331834,-5547.120726681656,6,0,-0.0827928466668904
67000.0,4320,3,1,one,yes,no,no,no,no,0,yes,55089.71634745531,-11910.283652544691,5,1,-0.17776542764992076
69000.0,4815,2,1,one,yes,no,no,no,yes,0,yes,68079.38851037834,-920.6114896216604,6,0,-0.013342195501763195
73000.0,6100,3,1,one,yes,no,yes,no,yes,0,yes,78310.56846836251,5310.568468362515,7,0,0.07274751326523993
73500.0,7980,3,1,one,yes,no,no,no,no,1,yes,71128.37130993084,-2371.628690069163,6,0,-0.03226705700774372
74900.0,6050,3,1,one,yes,no,yes,no,no,0,yes,64983.64171995584,-9916.358280044158,5,1,-0.13239463658269904
75000.0,3800,3,1,two,yes,yes,yes,no,no,1,yes,69560.64555836243,-5439.354441637566,6,0,-0.07252472588850088
79500.0,5400,5,1,two,yes,yes,yes,no,yes,0,yes,88825.03134272492,9325.03134272492,7,1,0.11729599173238893
120900.0,6000,3,2,four,yes,yes,yes,no,yes,0,yes,117216.34887833023,-3683.651121669769,6,0,-0.030468578343008843
44555.0,2398,3,1,one,yes,no,no,no,no,0,yes,48377.96479362155,3822.964793621548,7,0,0.08580327221684543
47000.0,2145,3,1,two,yes,no,yes,no,no,0,yes,55830.07793348501,8830.077933485009,7,1,0.18787399858478743
47600.0,2145,3,1,two,yes,no,yes,no,no,0,yes,55830.07793348501,8230.077933485009,7,1,0.17290079692195395
49000.0,2145,3,1,three,yes,no,no,no,no,0,yes,57917.49565924456,8917.49565924456,7,1,0.18198970733152162
49000.0,2610,3,1,two,yes,no,yes,no,no,0,yes,57453.8887932835,8453.888793283499,7,1,0.1725283427200714
49000.0,1950,3,2,two,yes,no,yes,no,no,0,yes,69600.2193588506,20600.219358850605,8,2,0.420412639976543
49500.0,2145,3,1,three,yes,no,no,no,no,0,yes,57917.49565924456,8417.49565924456,7,1,0.17005041735847595
52000.0,2275,3,1,three,yes,no,no,yes,yes,0,yes,86498.73534927022,34498.735349270224,9,4,0.6634372182551966
54000.0,2856,3,1,three,yes,no,no,no,no,0,yes,60400.35484487192,6400.354844871923,7,0,0.11852508971985043
55000.0,2015,3,1,two,yes,no,yes,no,no,0,yes,55376.10930601446,376.1093060144631,6,0,0.006838351018444783
55000.0,2176,2,1,two,yes,yes,no,no,no,0,yes,54887.96303659258,-112.03696340742317,6,0,-0.002037035698316785
56000.0,2145,4,2,one,yes,no,yes,no,no,0,yes,67689.44104856407,11689.44104856407,7,1,0.20874001872435838
60000.0,2145,3,1,three,yes,no,no,no,no,1,yes,61175.18772524166,1175.1877252416598,6,0,0.019586462087360996
60500.0,2787,3,1,one,yes,no,yes,no,no,0,yes,53589.029170445145,-6910.970829554855,6,0,-0.11423092280255959
50000.0,9500,3,1,two,yes,no,no,no,no,3,yes,87434.6516864366,37434.6516864366,9,4,0.748693033728732
64900.0,4990,4,2,two,yes,yes,yes,no,no,0,yes,86800.8309514538,21900.830951453798,8,2,0.3374550223644653
93000.0,6670,3,1,three,yes,no,yes,no,no,0,yes,77571.74652236182,-15428.25347763818,5,1,-0.16589519868428151
85000.0,6254,4,2,one,yes,no,yes,no,no,1,yes,85296.03380899556,296.03380899556214,6,0,0.003482750694065437
61500.0,10360,2,1,one,yes,no,no,no,no,1,yes,77548.26514102801,16048.265141028009,8,2,0.2609474006671221
88500.0,5500,3,2,one,yes,yes,yes,no,no,2,yes,88722.98944222828,222.9894422282814,6,0,0.002519654714443858
88000.0,5450,4,2,one,yes,no,yes,no,yes,0,yes,92383.04381556017,4383.043815560173,7,0,0.04980731608591106
89000.0,5500,3,1,three,yes,no,no,no,no,1,yes,72891.0703803469,-16108.929619653107,5,2,-0.18099920920958548
89500.0,6000,4,1,three,yes,yes,yes,no,no,0,yes,81816.79190022867,-7683.208099771335,6,0,-0.0858459005561043
95000.0,5700,3,1,one,yes,yes,yes,no,yes,2,yes,88122.63177883725,-6877.368221162746,6,0,-0.07239334969644995
95500.0,6600,2,2,four,yes,no,yes,no,no,0,yes,99574.53542475356,4074.535424753558,7,0,0.04266529240579642
51500.0,4000,2,1,one,yes,no,no,no,no,0,yes,52081.030992625754,581.0309926257542,6,0,0.011282155196616586
62900.0,4880,3,1,one,yes,no,no,no,no,2,yes,63560.657643938,660.6576439380005,6,0,0.010503301175484906
118500.0,4880,4,2,two,yes,no,no,no,yes,1,yes,94280.5628621114,-24219.4371378886,4,3,-0.20438343576277299
42900.0,8050,2,1,one,yes,no,no,no,no,0,no,57529.17383047625,14629.173830476248,8,1,0.3410063829947843
44100.0,8100,2,1,one,yes,no,no,no,no,1,no,60961.469214731245,16861.469214731245,8,2,0.38234624069685363
47000.0,5880,3,1,one,yes,no,no,no,no,1,no,55100.30600205936,8100.306002059362,7,1,0.17234693621402897
50000.0,5880,2,1,one,yes,no,no,no,no,0,no,49951.38981808329,-48.610181916708825,6,0,-9.722036383341765E-4
50000.0,12944,3,1,one,yes,no,no,no,no,0,no,76510.57073953869,26510.570739538685,9,3,0.5302114147907737
53000.0,6020,3,1,one,yes,no,no,no,no,0,no,52331.50322718439,-668.4967728156116,6,0,-0.012613146656898333
53000.0,4050,2,1,one,yes,no,no,no,no,0,no,43560.90836984407,-9439.091630155926,5,1,-0.17809606849350804
54000.0,8400,2,1,one,yes,no,no,no,no,1,no,62009.08912427866,8009.08912427866,7,1,0.14831646526441963
58500.0,5600,2,1,one,yes,no,no,no,yes,0,no,62125.93466598781,3625.9346659878065,7,0,0.061981789162184726
59000.0,5985,3,1,one,yes,no,yes,no,no,0,no,56061.93146518098,-2938.0685348190236,6,0,-0.04979777177659362
60000.0,4500,3,1,one,yes,no,yes,no,no,0,no,50876.212912921284,-9123.787087078716,5,1,-0.1520631181179786
62900.0,4920,3,1,two,yes,no,no,no,no,1,no,56230.87766097897,-6669.122339021029,6,0,-0.10602738217839473
64000.0,8250,3,1,one,yes,no,no,no,no,0,no,60118.81122148682,-3881.1887785131767,6,0,-0.06064357466426838
65000.0,8400,4,1,four,yes,no,no,no,no,3,no,92417.30844759915,27417.30844759915,9,3,0.4218047453476792
67900.0,6440,2,1,one,yes,no,no,no,yes,3,no,74832.34661071186,6932.346610711858,7,0,0.10209641547440144
68500.0,8100,4,1,four,yes,no,yes,no,yes,2,no,105116.97046298053,36616.970462980535,9,4,0.534554313328183
70000.0,6720,3,1,one,yes,no,no,no,no,0,no,54775.94968279502,-15224.05031720498,5,1,-0.21748643310292828
70500.0,5948,3,1,two,yes,no,no,no,yes,0,no,69715.35324851311,-784.6467514868855,6,0,-0.011129741155842348
71500.0,8150,3,2,one,yes,yes,yes,no,no,0,no,82766.85523686331,11266.85523686331,7,1,0.15757839492116518
71900.0,4800,2,1,one,yes,yes,yes,no,no,0,no,54726.11442903348,-17173.885570966522,5,2,-0.23885793561844954
75000.0,9800,4,2,two,yes,yes,no,no,no,2,no,97565.67779804146,22565.677798041463,8,2,0.3008757039738862
75000.0,8520,3,1,one,yes,no,no,no,yes,2,no,80729.37670222246,5729.376702222464,7,0,0.07639168936296618
87000.0,8372,3,1,three,yes,no,no,no,yes,2,no,90635.57453618708,3635.5745361870795,7,0,0.041788213059621604
64000.0,4040,3,1,two,yes,no,no,no,no,1,no,53157.859259639896,-10842.140740360104,5,1,-0.16940844906812663
70000.0,4646,3,1,two,yes,yes,yes,no,no,2,no,67077.89982824365,-2922.1001717563486,6,0,-0.041744288167947834
47500.0,4775,4,1,two,yes,no,no,no,no,0,no,54358.06009001293,6858.060090012928,7,0,0.14438021242132482
62600.0,4950,4,1,two,yes,no,no,no,yes,0,no,68121.49513406435,5521.495134064346,7,0,0.08820279766875952
66000.0,5010,3,1,two,yes,no,yes,no,no,0,no,57140.12212862321,-8859.87787137679,5,1,-0.13424057380873924
58900.0,6060,2,1,one,yes,no,yes,no,no,1,no,57690.30439058595,-1209.6956094140478,6,0,-0.020538125796503357
53000.0,3584,2,1,one,yes,no,no,yes,no,0,no,56908.55307608677,3908.5530760867696,7,0,0.07374628445446735
95000.0,6000,3,2,three,yes,yes,no,no,yes,0,no,94981.60907715317,-18.39092284682556,6,0,-1.935886615455322E-4
96500.0,6000,4,2,four,yes,no,no,no,yes,0,no,101866.69076994873,5366.690769948735,7,0,0.05561337585439103
101000.0,6240,4,2,two,yes,no,no,no,yes,1,no,90335.04717768675,-10664.952822313251,5,1,-0.1055935923001312
102000.0,6000,3,2,two,yes,yes,no,no,no,1,no,79146.90942646484,-22853.090573535155,4,2,-0.224049907583678
103000.0,7680,4,2,four,yes,yes,no,no,yes,1,no,115684.56005395511,12684.560053955109,7,1,0.12315106848500106
105000.0,6000,4,2,four,yes,yes,no,no,yes,1,no,109817.88856048959,4817.888560489591,7,0,0.04588465295704373
108000.0,6000,4,2,four,yes,no,no,no,yes,1,no,105124.38283594584,-2875.617164054158,6,0,-0.026626084852353314
110000.0,6000,4,2,four,yes,no,no,no,no,2,no,95229.75147179415,-14770.248528205848,5,1,-0.13427498662005316
113000.0,6000,4,2,four,yes,no,no,no,yes,1,no,105124.38283594584,-7875.617164054158,6,1,-0.06969572711552352
120000.0,7475,3,2,four,yes,no,no,no,yes,2,no,111641.64867257208,-8358.351327427925,6,1,-0.06965292772856604
105000.0,5150,3,2,four,yes,no,no,no,yes,2,no,103522.59437357963,-1477.4056264203682,6,0,-0.014070529775432078
106000.0,6325,3,1,four,yes,no,no,no,yes,1,no,89916.9859200718,-16083.014079928194,5,2,-0.1517265479238509
107500.0,6000,3,2,four,yes,no,no,no,yes,1,no,103233.15871796687,-4266.841282033129,6,0,-0.0396915468096105
108000.0,6000,3,2,three,yes,no,no,no,yes,0,no,90288.10335260941,-17711.89664739059,5,2,-0.16399904303139434
113750.0,6000,3,1,four,yes,yes,no,no,yes,2,no,96733.26214193631,-17016.737858063687,5,2,-0.14959769545550494
120000.0,7000,3,1,four,yes,no,no,no,yes,2,no,95531.82278255059,-24468.17721744941,4,3,-0.20390147681207843
70000.0,12900,3,1,one,yes,no,no,no,no,2,no,82872.30395146592,12872.303951465918,7,1,0.18389005644951312
71000.0,7686,3,1,one,yes,yes,yes,yes,no,0,no,81670.38970926493,10670.389709264928,7,1,0.15028717900373137
82000.0,5000,3,1,three,yes,no,no,no,yes,0,no,72344.94262087996,-9655.057379120044,5,1,-0.11774460218439078
82000.0,5800,3,2,four,yes,no,no,no,yes,0,no,99277.05337893816,17277.05337893816,8,2,0.21069577291387998
82500.0,6000,3,2,four,yes,no,no,no,yes,0,no,99975.46665196976,17475.466651969764,8,2,0.21182383820569411
83000.0,4800,3,1,three,yes,no,no,no,yes,0,no,71646.52934784835,-11353.47065215165,5,1,-0.13678880303797167
84000.0,6500,3,2,three,yes,no,no,no,yes,0,no,92034.13653518843,8034.136535188431,7,1,0.09564448256176702
85000.0,7320,4,2,two,yes,no,no,no,no,0,no,77696.46335591156,-7303.536644088439,6,0,-0.08592396051868752
85000.0,6525,3,2,four,yes,no,no,no,no,1,no,91914.17012952606,6914.170129526057,7,0,0.0813431779944242
91500.0,4800,3,2,four,yes,yes,no,no,yes,0,no,100478.49273832387,8978.492738323868,7,1,0.09812560369752861
94000.0,6000,3,2,four,yes,no,no,no,yes,0,no,99975.46665196976,5975.466651969764,7,0,0.0635687941698911
103000.0,6000,3,2,four,yes,yes,no,no,yes,1,no,107926.66444251062,4926.664442510621,7,0,0.04783169361660797
105000.0,6000,3,2,two,yes,yes,no,no,yes,1,no,92299.23285661361,-12700.767143386387,5,1,-0.12095968707987036
105000.0,6000,3,1,two,yes,no,no,no,yes,1,no,73154.63276549842,-31845.36723450158,3,4,-0.3032892117571579
