price,lotsize,bedrooms,bathrms,stories,driveway,recroom,fullbase,gashw,airco,garagepl,prefarea,error_1,error_decile_1,abs_error_decile_1,relative_error_1,prediction,error,error_decile,abs_error_decile,relative_error
42000.0,5850,3,1,two,yes,no,yes,no,no,1,no,21331.14994135307,8,2,0.5078845224131683,43657.087946658336,1657.0879466583356,5,0,0.039454474920436564
38500.0,4000,2,1,one,yes,no,no,no,no,0,no,4886.305051586169,7,0,0.12691701432691346,40392.37892187264,1892.3789218726379,5,0,0.04915269926941917
49500.0,3060,3,1,one,yes,no,no,no,no,0,no,-7505.0132136834145,6,0,-0.1516164285592609,51544.23747865528,2044.2374786552828,5,0,0.04129772684152087
60500.0,6650,3,1,two,yes,yes,no,no,no,0,no,3207.96613124905,7,0,0.05302423357436446,64039.0893653081,3539.0893653081002,5,1,0.058497344881125624
61000.0,6360,2,1,one,yes,no,no,no,no,0,no,-9372.41832664085,5,1,-0.1536462020760795,64860.310117518806,3860.310117518806,5,1,0.06328377241834107
66000.0,4160,3,1,one,yes,yes,yes,no,yes,0,no,1534.7395034600777,6,0,0.023253628840304207,65028.83280996001,-971.1671900399888,4,0,-0.014714654394545284
66000.0,3880,3,2,two,yes,no,yes,no,no,2,no,8160.565634560247,7,1,0.12364493385697345,63115.67384609821,-2884.3261539017913,3,1,-0.04370191142275441
69000.0,4160,3,1,three,yes,no,no,no,no,0,no,-12740.716556001571,5,1,-0.18464806602900827,68482.1050936099,-517.8949063900945,4,0,-0.007505723281015863
83800.0,4800,3,1,one,yes,yes,yes,no,no,0,no,-27182.66145298755,4,3,-0.32437543499985144,81265.89695749032,-2534.1030425096833,4,1,-0.03023989310870744
88500.0,5500,3,2,four,yes,yes,no,no,yes,1,no,17680.6312599316,8,2,0.19978114418001808,89960.87456990524,1460.8745699052379,5,0,0.016507057287064836
90000.0,7200,3,2,one,yes,no,yes,no,yes,3,no,7681.2860935594945,7,0,0.08534762326177216,87337.81723364392,-2662.1827663560834,4,1,-0.029579808515067595
30500.0,3000,2,1,one,no,no,no,no,no,0,no,2360.103290190935,6,0,0.07738043574396508,32545.46337725014,2045.4633772501402,5,0,0.06706437302459475
27000.0,1700,3,1,two,yes,no,no,no,no,0,no,14728.73189917297,8,1,0.5455085888582581,29322.161524585357,2322.1615245853573,5,1,0.08600598239205026
36000.0,2880,3,1,one,no,no,no,no,no,0,no,-1667.7205556490517,6,0,-0.04632557099025143,36282.79342236644,282.7934223664415,4,0,0.007855372843512265
37000.0,3600,2,1,one,yes,no,no,no,no,0,no,4989.478505522951,7,0,0.13485077041953922,39119.6716538886,2119.671653888603,5,0,0.057288423078070354
37900.0,3185,2,1,one,yes,no,no,no,yes,0,no,15792.594394131134,8,2,0.41669114496388215,39044.06703595562,1144.067035955617,4,0,0.03018646532864425
40500.0,3300,3,1,two,no,no,no,no,no,1,no,3039.594753185753,7,0,0.07505172230088278,41127.887717113896,627.8877171138956,4,0,0.015503400422565324
40750.0,5200,4,1,three,yes,no,no,no,no,0,no,21032.256581741764,8,2,0.5161289958709635,41916.677465853645,1166.6774658536451,4,0,0.028630121861439144
45000.0,3450,1,1,one,yes,no,no,no,no,0,no,-5425.55556722972,6,0,-0.12056790149399377,45314.456303663595,314.45630366359546,4,0,0.006987917859191011
45000.0,3986,2,2,one,no,yes,yes,no,no,1,no,17558.223444126168,8,2,0.3901827432028037,45658.822328485774,658.822328485774,4,0,0.014640496188572757
48500.0,4785,3,1,two,yes,yes,yes,no,yes,1,no,28957.92841715229,9,3,0.5970706890134493,49013.83149105481,513.831491054807,4,0,0.010594463733088803
65900.0,4510,4,2,two,yes,no,yes,no,no,0,no,5836.407430594583,7,0,0.08856460440962949,66146.51781734878,246.51781734878023,4,0,0.003740786302712902
37900.0,4000,3,1,two,yes,no,no,no,yes,0,no,25012.807969185247,8,3,0.6599685479996108,40575.1418719327,2675.1418719326975,5,1,0.0705842182567994
38000.0,3934,2,1,one,yes,no,no,no,no,0,no,5155.828671485739,7,0,0.13567970188120365,39119.6716538886,1119.671653888603,4,0,0.02946504352338429
42000.0,4960,2,1,one,yes,no,no,no,no,0,no,4738.688762137892,7,0,0.11282592290804505,42648.77138020854,648.7713802085418,4,0,0.0154469376240129
42300.0,3000,2,1,two,yes,no,no,no,no,0,no,2077.194055899454,6,0,0.049106242456251864,43894.92591367863,1594.9259136786277,5,0,0.03770510434228434
43500.0,3800,2,1,one,yes,no,no,no,no,0,no,-812.1082214454364,6,0,-0.01866915451598704,44541.40608928986,1041.4060892898633,4,0,0.023940369868732488
44000.0,4960,2,1,one,yes,no,yes,no,yes,0,no,19743.662753063785,8,2,0.44871960802417693,46216.33241225481,2216.3324122548074,5,1,0.05037119118760926
44500.0,3000,3,1,one,no,no,no,no,yes,0,no,3403.6508383186883,7,0,0.0764865356925548,43594.2101069038,-905.7898930961965,4,0,-0.020354829058341493
44900.0,4500,3,1,two,yes,no,no,no,yes,0,no,19758.841151764267,8,2,0.440063277322144,43938.62563559303,-961.3743644069691,4,0,-0.021411455777438065
45000.0,3500,2,1,one,no,no,yes,no,no,0,no,-6541.21296645292,6,0,-0.14536028814339821,44683.84292517852,-316.1570748214799,4,0,-0.007025712773810665
48000.0,3500,4,1,two,yes,no,no,no,yes,2,no,21573.383036579384,8,2,0.4494454799287372,50071.14809265319,2071.1480926531876,5,0,0.04314891859694141
49000.0,4000,2,1,one,yes,no,no,no,no,0,no,-5613.694948413831,6,0,-0.1145652030288537,47404.73500819649,-1595.2649918035095,4,0,-0.03255642840415326
51500.0,4500,2,1,one,yes,no,no,no,no,0,no,-6367.661765834811,6,0,-0.12364391778320022,49969.85391487981,-1530.1460851201919,4,0,-0.02971157446835324
61000.0,6360,2,1,two,yes,no,no,no,no,0,no,-4889.462957169519,6,0,-0.08015513044540194,65345.09354865075,4345.0935486507515,5,1,0.07123104178115985
61000.0,4500,2,1,one,yes,no,no,no,yes,2,no,3800.045796308157,7,0,0.06229583272636323,54906.592854574475,-6093.4071454255245,3,2,-0.09989192041681187
61700.0,4032,2,1,one,yes,no,yes,no,no,0,no,-14349.298263951656,5,1,-0.2325656120575633,59928.49322919291,-1771.5067708070928,4,0,-0.02871161703090912
67000.0,5170,3,1,four,yes,no,no,no,yes,0,no,15625.957202317164,8,2,0.2332232418256293,67773.02703527697,773.027035276973,4,0,0.011537716944432433
82000.0,5400,4,2,two,yes,no,no,no,yes,2,no,8659.403496951098,7,1,0.10560248167013533,83560.45211963767,1560.4521196376736,5,0,0.01902990389802041
54500.0,3150,2,2,one,no,no,yes,no,no,0,no,-2812.341827686818,6,0,-0.05160260234287739,60096.94494985608,5596.944949856079,6,2,0.10269623761203814
66500.0,3745,3,1,two,yes,no,yes,no,no,0,no,-13777.341823301715,5,1,-0.20717807253085285,65754.37968164767,-745.6203183523321,4,0,-0.011212335614320784
70000.0,4520,3,1,two,yes,no,yes,no,yes,0,no,-1418.6669601554458,6,0,-0.02026667085936351,71899.83690307368,1899.8369030736794,5,0,0.02714052718676685
82000.0,4640,4,1,two,yes,no,no,no,no,1,no,-24855.67680328631,4,3,-0.30311800979617454,84707.5254855465,2707.5254855465028,5,1,0.03301860348227442
92000.0,8580,5,3,two,yes,no,no,no,no,2,no,12954.169592555278,7,1,0.14080619122342694,89970.29597415318,-2029.7040258468187,4,0,-0.02206200028094368
38000.0,2000,2,1,two,yes,no,no,no,no,0,no,2885.127690741414,6,0,0.07592441291424773,41010.18425807795,3010.1842580779485,5,1,0.07921537521257759
44000.0,2160,3,1,two,no,no,yes,no,no,0,no,-3846.4024083143886,6,0,-0.08741823655259974,45561.07815647717,1561.0781564771678,5,0,0.03547904901084472
41000.0,3040,2,1,one,no,no,no,no,no,0,no,-8000.214055202741,6,1,-0.19512717207811564,42919.605698606625,1919.605698606625,5,0,0.046819651185527444
43000.0,3090,3,1,two,no,no,no,no,no,0,no,-3451.4312494945334,6,0,-0.08026584301150078,43336.767636288925,336.76763628892513,4,0,0.007831805495091283
48000.0,4960,4,1,three,no,no,no,no,no,0,no,5910.025257866648,7,0,0.12312552620555516,47519.6749333601,-480.3250666399035,4,0,-0.010006772221664656
54800.0,3350,3,1,two,yes,no,no,no,no,0,no,-7309.358598316256,6,0,-0.1333824561736543,58549.46106088582,3749.46106088582,5,1,0.06842082227893832
55000.0,5300,5,2,two,yes,no,no,no,no,0,no,17533.71341627129,8,2,0.3187947893867507,56180.53704669959,1180.5370466995882,4,0,0.021464309939992515
57000.0,4100,4,1,one,no,no,yes,no,no,0,no,-12663.524911400149,5,1,-0.22216710370877454,57938.372374331346,938.3723743313458,4,0,0.01646267323388326
68000.0,9166,2,1,one,yes,no,yes,no,yes,2,no,16946.678016912716,8,2,0.2492158531898929,72123.08192011154,4123.081920111537,5,1,0.06063355764869908
95000.0,4040,3,1,two,yes,no,yes,yes,no,1,no,-23014.54254717662,4,2,-0.24225834260185916,94679.57553274873,-320.4244672512723,4,0,-0.003372889128960761
38000.0,3630,3,3,two,no,yes,no,no,no,0,no,37029.979045377404,9,4,0.9744731327730896,38637.120360499015,637.1203604990151,4,0,0.01676632527628987
25000.0,3620,2,1,one,yes,no,no,no,no,0,no,17059.319832826113,8,2,0.6823727933130446,30019.302281156022,5019.302281156022,5,2,0.2007720912462409
25245.0,2400,3,1,one,no,no,no,no,no,0,no,7411.08758907509,7,0,0.29356655135967874,26850.81036028382,1605.81036028382,5,0,0.06360904576287661
56000.0,7260,3,2,one,yes,yes,yes,no,no,3,no,33431.99236986396,9,4,0.5969998637475707,56646.58574844191,646.5857484419103,4,0,0.011546174079319826
35500.0,4400,3,1,two,yes,no,no,no,no,0,no,15657.311085099689,8,2,0.4410510164816814,34854.309063057044,-645.6909369429559,4,0,-0.018188477096984672
30000.0,2400,3,1,two,yes,no,no,no,no,0,no,14173.178354783602,7,1,0.4724392784927867,32132.844779375144,2132.844779375144,5,0,0.07109482597917147
48000.0,4120,2,1,two,yes,no,no,no,no,0,no,288.3083848764654,6,0,0.006006424684926363,51069.270436029525,3069.2704360295247,5,1,0.06394313408394843
48000.0,4750,2,1,one,yes,no,no,no,no,0,no,-1994.6451745452941,6,0,-0.04155510780302696,48945.785613929605,945.7856139296055,4,0,0.01970386695686678
52000.0,4280,2,1,one,yes,no,no,no,yes,2,no,12031.79119597339,7,1,0.23138059992256518,51893.039425205476,-106.96057479452429,4,0,-0.0020569341306639287
54000.0,4820,3,1,two,yes,no,no,no,no,0,no,-1376.0210415339316,6,0,-0.02548187113951725,55413.73123482988,1413.7312348298801,5,0,0.026180208052405188
56000.0,5500,4,1,two,yes,yes,yes,no,no,0,no,9435.964490073391,7,1,0.1684993658941677,55881.01200327705,-118.9879967229499,4,0,-0.0021247856557669626
60000.0,5500,3,1,two,yes,no,no,no,yes,0,no,8150.907516922307,7,1,0.1358484586153718,65384.98116976535,5384.9811697653495,5,2,0.08974968616275582
60000.0,5040,3,1,two,yes,no,yes,no,yes,0,no,10397.207549726736,7,1,0.1732867924954456,64265.77020532457,4265.770205324567,5,1,0.07109617008874278
67000.0,6000,2,1,one,yes,no,yes,no,yes,1,no,3633.103838825249,7,0,0.0542254304302276,70564.58742241925,3564.587422419252,5,1,0.05320279734954107
47000.0,2500,2,1,one,no,no,no,no,yes,0,no,-2733.6064622393023,6,0,-0.05816183962211281,48357.23872168255,1357.2387216825518,5,0,0.02887741961026706
70000.0,4095,3,1,two,no,yes,yes,no,yes,0,no,-5243.424837041042,6,0,-0.07490606910058632,70140.94015512934,140.9401551293413,4,0,0.0020134307875620183
45000.0,4095,2,1,one,yes,no,no,no,no,2,no,5233.435488270377,7,0,0.11629856640600839,46806.44640766893,1806.4464076689328,5,0,0.04014325350375406
51000.0,3150,3,1,two,yes,no,yes,no,no,0,no,-355.1213105707502,6,0,-0.006963162952367651,50434.56638569446,-565.4336143055407,4,0,-0.011086933613834131
32500.0,1836,2,1,one,no,no,yes,no,no,0,no,147.9886019241094,6,0,0.00455349544381875,35368.2631108285,2868.2631108284986,5,1,0.08825424956395381
34000.0,2475,3,1,two,yes,no,no,no,no,0,no,10435.083332170456,7,1,0.3069142156520722,36297.79334171861,2297.793341718607,5,1,0.0675821571093708
35000.0,3210,3,1,two,yes,no,yes,no,no,0,no,15854.402671338736,8,2,0.452982933466821,33801.921976566126,-1198.0780234338745,4,0,-0.03423080066953927
36000.0,3180,3,1,one,no,no,no,no,no,0,no,-620.1006461016368,6,0,-0.01722501794726769,35673.764170198294,-326.23582980170613,4,0,-0.009062106383380725
45000.0,1650,3,1,two,no,no,yes,no,no,0,no,-6627.356254544997,6,0,-0.14727458343433325,51474.96148173475,6474.9614817347465,6,2,0.14388803292743882
47000.0,3180,4,1,two,yes,no,yes,no,yes,0,no,18793.188228511746,8,2,0.39985506869173926,44539.48715191398,-2460.512848086022,4,1,-0.05235133719331962
55000.0,3180,2,2,one,yes,no,yes,no,no,2,no,10341.939691499312,7,1,0.1880352671181693,55931.92547287137,931.9254728713713,4,0,0.016944099506752207
63900.0,6360,2,1,one,yes,no,yes,no,yes,1,no,7990.24773028215,7,1,0.12504300047389905,65997.81372318507,2097.8137231850706,5,0,0.03282963573059578
50000.0,4240,3,1,two,yes,no,no,no,yes,0,no,13750.903896823176,7,1,0.27501807793646355,49117.93254195682,-882.0674580431805,4,0,-0.01764134916086361
35000.0,3240,2,1,one,no,yes,no,no,no,1,no,6649.397008369728,7,0,0.1899827716677065,35512.052517713295,512.052517713295,4,0,0.01463007193466557
50000.0,3650,3,1,two,yes,no,no,no,no,0,no,-1461.738688768848,6,0,-0.029234773775376963,50409.4017006938,409.4017006938011,4,0,0.008188034013876022
43000.0,3240,3,1,two,yes,no,no,no,no,2,no,10621.898233510554,7,1,0.24702088915140824,44881.421852424246,1881.421852424246,5,0,0.04375399656800572
55500.0,3780,2,1,two,yes,yes,yes,no,no,0,no,147.1621060436155,6,0,0.0026515694782633424,54434.116153083065,-1065.883846916935,4,0,-0.019205114358863695
57000.0,6480,3,1,two,no,no,no,no,yes,1,no,10796.689224537113,7,1,0.18941560043047567,59898.369733799365,2898.3697337993653,5,1,0.0508485918210415
60000.0,5850,2,1,one,yes,yes,yes,no,no,2,no,4908.16824444363,7,0,0.0818028040740605,57942.33352466464,-2057.6664753353616,4,0,-0.03429444125558936
78000.0,3150,3,2,one,yes,yes,yes,no,yes,0,no,458.846841221879,6,0,0.00588265181053691,73954.39543790104,-4045.6045620989607,3,1,-0.05186672515511488
35000.0,3000,2,1,one,yes,no,no,no,no,1,no,8151.930752425229,7,1,0.2329123072121494,35123.278085335165,123.27808533516509,4,0,0.0035222310095761452
44000.0,3090,2,1,one,yes,yes,yes,no,no,0,no,4754.680944613225,7,0,0.10806093055939148,43833.84345550621,-166.1565444937878,4,0,-0.003776285102131541
47000.0,6060,3,1,one,yes,yes,yes,no,no,0,no,14017.342167111587,7,1,0.2982413227045018,49269.31102319682,2269.3110231968167,5,1,0.04828321325950674
58000.0,5900,4,2,two,no,no,yes,no,no,1,no,14813.936347924173,8,1,0.25541269565386504,58960.34747851267,960.3474785126673,4,0,0.016557715146770124
163000.0,7420,4,1,two,yes,yes,yes,no,yes,2,no,-71191.56052668019,0,9,-0.43675804004098273,143694.55475252564,-19305.44524747436,0,8,-0.11843831440168319
128000.0,8500,3,2,four,yes,no,no,no,yes,2,no,-12778.983303140922,5,1,-0.09983580705578846,125230.68783171389,-2769.312168286109,4,1,-0.02163525131473523
123500.0,8050,3,1,one,yes,yes,yes,no,yes,1,no,-39123.430270078024,3,5,-0.31678890906945767,120008.78009539629,-3491.219904603713,3,1,-0.028268987081811442
39000.0,6800,2,1,one,yes,no,no,no,no,0,no,14164.09087402869,7,1,0.3631818172827869,42457.561220426214,3457.5612204262143,5,1,0.08865541590836447
53900.0,8250,3,1,one,yes,no,no,no,no,2,no,12734.195353481016,7,1,0.236255943478312,54664.395458566425,764.3954585664251,4,0,0.014181733925165587
59900.0,8250,3,1,one,yes,no,yes,no,no,3,no,13844.537980255249,7,1,0.23112751219123956,57648.81804395423,-2251.1819560457734,4,1,-0.03758233649492109
35000.0,3500,2,1,one,yes,yes,no,no,no,0,no,11333.777593550905,7,1,0.3238222169585973,35199.54380724639,199.5438072463876,4,0,0.005701251635611074
43000.0,2835,2,1,one,yes,no,no,no,no,0,no,-3681.9522638229537,6,0,-0.08562679683309195,42605.049197036205,-394.95080296379456,4,0,-0.00918490239450685
57000.0,4500,3,2,two,no,no,yes,no,yes,0,no,18928.450682875613,8,2,0.3320780821557125,57978.332610557976,978.3326105579763,4,0,0.017163730009789057
79000.0,3300,3,3,two,yes,no,yes,no,no,0,no,1070.8773773457797,6,0,0.013555409839819996,74242.51024185367,-4757.48975814633,3,2,-0.060221389343624435
125000.0,4320,3,1,two,yes,no,yes,yes,no,2,no,-48779.071898935275,2,6,-0.3902325751914822,122948.6127501998,-2051.387249800202,4,0,-0.016411097998401614
132000.0,3500,4,2,two,yes,no,no,yes,no,2,no,-46152.89839459161,2,5,-0.34964316965599707,132532.09225578659,532.0922557865852,4,0,0.00403100193777716
58000.0,4992,3,2,two,yes,no,no,no,no,2,no,16191.09287183886,8,2,0.27915677365239416,58517.092006699284,517.092006699284,4,0,0.008915379425849723
43000.0,4600,2,1,one,yes,no,no,no,no,0,no,2481.5448706809984,6,0,0.05771034582979066,43555.98872846123,555.9887284612269,4,0,0.012929970429330856
48000.0,3720,2,1,one,no,no,no,no,yes,0,no,526.7145032535045,6,0,0.010973218817781344,48246.49036199864,246.4903619986435,4,0,0.005135215874971739
58500.0,3680,3,2,two,yes,no,no,no,no,0,no,4594.11766875731,7,0,0.07853192596166342,58825.1776790761,325.1776790760996,4,0,0.005558592804719651
73000.0,3000,3,2,two,yes,yes,yes,no,no,0,no,-3734.3311742292717,6,0,-0.051155221564784546,71234.18106268218,-1765.8189373178175,4,0,-0.02418930051120298
63500.0,3750,2,1,one,yes,yes,yes,no,no,0,no,-12440.555254382467,5,1,-0.19591425597452705,62033.45623740091,-1466.543762599089,4,0,-0.02309517736376518
43000.0,5076,3,1,one,no,no,no,no,no,0,no,-999.1428177619964,6,0,-0.023235879482837125,46403.29578136314,3403.2957813631365,5,1,0.07914641352007294
46500.0,4500,2,1,one,no,no,no,no,no,0,no,-8401.79716207199,6,1,-0.18068380993703206,49467.33329178772,2967.3332917877196,5,1,0.06381361917823053
92000.0,5000,3,1,two,yes,no,no,no,yes,0,no,-25595.125665656713,4,3,-0.2782078876701817,89558.23171306467,-2441.7682869353303,4,1,-0.026540959640601415
75000.0,4260,4,1,two,yes,no,yes,no,yes,0,no,-5435.380097117566,6,0,-0.07247173462823421,73583.63946399055,-1416.3605360094516,4,0,-0.01888480714679269
75000.0,6540,4,2,two,no,no,no,no,yes,0,no,6090.839624999877,7,0,0.08121119499999836,78658.0980965445,3658.098096544505,5,1,0.04877464128726007
85000.0,3700,4,1,two,yes,yes,no,no,yes,0,no,-16550.082097839448,5,2,-0.19470684820987585,78267.71763646559,-6732.28236353441,3,3,-0.07920332192393424
93000.0,3760,3,1,two,yes,no,no,yes,no,2,no,-22587.279624200906,4,2,-0.24287397445377318,93060.49132933059,60.49132933058718,4,0,6.504444014041632E-4
94500.0,4000,3,2,two,yes,no,yes,no,yes,1,no,-10025.75503746912,5,1,-0.10609264589914413,92570.791190691,-1929.2088093089988,4,0,-0.02041490803501586
106500.0,4300,3,2,two,yes,no,yes,no,no,1,no,-34130.45855807047,3,4,-0.320473789277657,110447.66125627334,3947.6612562733353,5,1,0.03706724184294211
116000.0,6840,5,1,two,yes,yes,yes,no,yes,1,no,-27583.42696648999,4,3,-0.23778816350422405,115872.59826457505,-127.40173542495177,4,0,-0.0010982908226288945
61500.0,4400,2,1,one,yes,no,no,no,no,1,no,-13459.176336353514,5,1,-0.21884839571306527,61108.08226439144,-391.91773560855654,4,0,-0.006372646107456204
80000.0,10500,4,2,two,yes,no,no,no,no,1,no,12058.926463111246,7,1,0.15073658078889057,82023.04520778338,2023.045207783376,5,0,0.0252880650972922
37000.0,4400,2,1,one,yes,no,no,no,no,0,no,7783.131597649386,7,1,0.21035490804457802,37260.36519696697,260.3651969669736,4,0,0.007036897215323611
59500.0,4840,3,1,two,yes,no,no,no,no,1,no,-3548.4876482336695,6,0,-0.059638447869473435,58048.18341510267,-1451.8165848973294,4,0,-0.02440027873777024
70000.0,4120,2,1,one,yes,no,yes,no,no,1,no,-19084.30435782064,5,2,-0.2726329193974377,65740.05664651481,-4259.943353485185,3,1,-0.06085633362121693
95000.0,4260,4,2,two,yes,no,no,yes,no,0,no,-13014.312089065701,5,1,-0.13699275883227055,92706.18684854454,-2293.813151455455,4,1,-0.02414540159426795
117000.0,5960,3,3,two,yes,yes,yes,no,no,1,no,-19689.028300792954,5,2,-0.16828229316917054,117582.73594109809,582.7359410980862,4,0,0.004980649069214412
122500.0,8800,3,2,two,yes,no,no,no,yes,2,no,-21858.79497949053,4,2,-0.1784391426897186,129325.80903540294,6825.809035402941,6,3,0.05572089008492197
123500.0,4560,3,2,two,yes,yes,yes,no,yes,1,no,-32376.69214843685,3,4,-0.26215945059463036,124586.41689969745,1086.4168996974477,4,0,0.008796897973258685
127000.0,4600,3,2,two,yes,yes,no,no,yes,2,no,-36331.96798861056,3,4,-0.28607848809929576,127555.05637398038,555.0563739803765,4,0,0.004370522629766744
35000.0,4840,2,1,two,yes,no,no,no,no,0,no,15802.59616779026,8,2,0.4515027476511503,35835.09616664539,835.0961666453877,4,0,0.023859890475582506
44500.0,3850,3,1,two,yes,no,no,no,no,0,no,4736.674584262764,7,0,0.10644212548905088,45307.69365758377,807.6936575837681,4,0,0.01815041927154535
49900.0,4900,3,1,two,no,no,no,no,no,0,no,-4030.791128558478,6,0,-0.0807773773258212,50410.67235188277,510.6723518827712,4,0,0.010233914867390203
50500.0,3850,3,1,one,yes,no,no,no,no,2,no,769.1033467856323,6,0,0.015229769243279848,49943.45719287967,-556.5428071203278,4,0,-0.011020649645947084
65000.0,3760,3,1,one,yes,no,no,no,no,2,no,-14045.182626078597,5,1,-0.2160797327089015,62334.0792716724,-2665.9207283275973,4,1,-0.041014165051193804
90000.0,6000,4,2,four,yes,no,no,no,no,1,no,1972.0594057970593,6,0,0.02191177117552288,89152.90777425555,-847.0922257444472,4,0,-0.009412135841604968
46000.0,4370,3,1,two,yes,no,no,no,no,0,no,5052.549094144946,7,0,0.1098380237857597,48435.49994492242,2435.4999449224197,5,1,0.05294565097657434
35000.0,7700,2,1,one,yes,no,no,no,no,0,no,21306.950602670935,8,2,0.6087700172191696,41908.34900151478,6908.349001514784,6,3,0.19738140004327953
26500.0,2990,2,1,one,no,no,no,no,no,1,no,9582.874692536454,7,1,0.3616179129259039,28750.76926926181,2250.769269261811,5,1,0.08493468940610609
43000.0,3750,3,1,two,yes,no,no,no,no,0,no,5887.467947746962,7,0,0.13691785924992933,44528.90099086107,1528.9009908610678,5,0,0.03555583699676902
56000.0,3000,3,1,two,yes,no,no,no,no,0,no,-9731.581826121575,5,1,-0.17377824689502813,57086.16414959687,1086.1641495968724,4,0,0.019395788385658436
40000.0,2650,3,1,two,yes,no,yes,no,no,1,no,12156.53757284733,7,1,0.30391343932118325,39978.39039662356,-21.609603376440646,4,0,-5.402400844110161E-4
51000.0,4500,4,2,two,yes,no,yes,no,no,2,no,27216.870898937195,9,3,0.5336641352732784,51457.49065120662,457.4906512066227,4,0,0.008970404925620054
51000.0,4500,2,1,one,no,no,no,no,no,0,no,-12901.79716207199,5,1,-0.25297641494258805,54231.98478666408,3231.9847866640775,5,1,0.06337225071890348
57250.0,4500,3,1,two,no,no,yes,no,yes,0,no,4227.356316304205,7,0,0.07384028500094682,58703.086071216145,1453.0860712161448,5,0,0.0253814160911117
44000.0,4500,2,1,two,yes,no,no,yes,no,1,no,23847.93330203998,8,3,0.5419984841372723,43631.09239968619,-368.9076003138107,4,0,-0.008384263643495697
61000.0,2175,3,1,two,no,yes,yes,no,yes,0,no,-2948.1922581444815,6,0,-0.04833102062531937,61263.351820041134,263.3518200411345,4,0,0.004317242951494008
62000.0,4500,3,2,three,yes,no,no,yes,no,1,no,28130.320073127034,9,3,0.4537148398891457,61072.087926788445,-927.9120732115553,4,0,-0.014966323761476698
80000.0,4800,5,2,three,no,no,yes,yes,no,0,no,8521.211317175213,7,1,0.10651514146469017,72569.62244912364,-7430.377550876365,2,3,-0.09287971938595456
50000.0,4600,4,1,two,yes,no,no,no,no,0,no,3746.948476110265,7,0,0.0749389695222053,50612.835239740096,612.8352397400959,4,0,0.012256704794801917
59900.0,3450,3,1,two,yes,no,no,no,no,1,no,-8802.459895803353,5,1,-0.14695258590656682,60597.30764604053,697.3076460405282,4,0,0.011641196094165746
35500.0,3000,3,1,two,no,no,no,no,no,0,no,3734.282777641245,7,0,0.10519106415890832,38628.585846324044,3128.585846324044,5,1,0.08812917876969137
37000.0,3600,2,2,two,yes,no,yes,no,no,1,no,31033.870868339916,9,3,0.8387532667118897,38521.88598671951,1521.8859867195133,5,0,0.04113205369512198
42000.0,3600,3,1,two,no,no,no,no,no,1,no,2587.2146627331676,6,0,0.06160034911269447,41317.49531799581,-682.5046820041898,4,0,-0.016250111476290234
48000.0,3750,3,1,one,yes,no,no,no,no,0,no,-3595.4874217243705,6,0,-0.07490598795259105,47301.13609432661,-698.8639056733882,4,0,-0.014559664701528922
60000.0,2610,4,3,two,no,no,no,no,no,0,no,8665.789746351395,7,1,0.14442982910585658,57145.49001354197,-2854.5099864580334,3,1,-0.04757516644096722
60000.0,2953,3,1,two,yes,no,yes,no,yes,0,no,3109.2650456418924,7,0,0.051821084094031536,57570.01253458106,-2429.9874654189407,4,1,-0.04049979109031568
60000.0,2747,4,2,two,no,no,no,no,no,0,no,-5306.891528193359,6,0,-0.08844819213655598,61756.41093949544,1756.410939495443,5,0,0.029273515658257383
62000.0,1905,5,1,two,no,no,yes,no,no,0,no,-18954.43109547175,5,2,-0.305716630572125,60615.529215316325,-1384.4707846836754,4,0,-0.022330173946510896
63000.0,3968,3,1,two,no,no,no,no,no,0,no,-20385.396980885773,4,2,-0.32357772985532973,68299.97811822724,5299.978118227242,5,2,0.0841266367972578
63900.0,3162,3,1,two,yes,no,no,no,yes,1,no,-655.8515788200966,6,0,-0.010263717978405269,63651.34204167606,-248.6579583239436,4,0,-0.0038913608501399623
130000.0,6000,4,1,two,yes,no,yes,no,no,2,no,-60996.12391989716,1,7,-0.4692009532299782,127924.15563735702,-2075.84436264298,4,0,-0.01596803355879215
25000.0,2910,3,1,one,no,no,no,no,no,0,no,9437.041435305684,7,1,0.37748165741222733,27188.27117114147,2188.2711711414704,5,0,0.08753084684565882
50000.0,2135,3,2,two,no,no,no,no,no,0,no,664.7397383509524,6,0,0.013294794767019048,58302.38907650984,8302.38907650984,6,3,0.1660477815301968
52900.0,3120,3,1,two,no,no,yes,yes,no,0,no,5580.928934643685,7,0,0.10549960178910558,52641.67084085346,-258.3291591465386,4,0,-0.004883348944168971
62000.0,4075,3,1,one,yes,yes,yes,no,no,2,no,-1399.0254357329322,6,0,-0.02256492638278923,59947.27941003197,-2052.7205899680266,4,0,-0.03310839661238753
73500.0,3410,3,1,two,no,no,no,no,yes,0,no,-19681.64658249519,5,2,-0.26777750452374405,69796.12815867572,-3703.871841324275,3,1,-0.05039281416767721
38000.0,2800,3,1,one,yes,no,no,no,no,0,no,3087.0495313754946,7,0,0.08123814556251302,39108.00837065106,1108.0083706510632,4,0,0.02915811501713324
46000.0,2684,2,1,one,yes,no,no,no,yes,1,no,9200.761211184057,7,1,0.20001654806921865,43832.68387763219,-2167.3161223678107,4,0,-0.047115567877561104
48000.0,3100,3,1,two,no,no,yes,no,no,0,no,-4563.860025065835,6,0,-0.09508041718887156,47455.32962197025,-544.6703780297466,4,0,-0.011347299542286388
52500.0,3630,2,1,one,yes,no,yes,no,no,0,no,-6553.108942745188,6,0,-0.12482112271895596,50039.52672018944,-2460.4732798105615,4,1,-0.04686615771067736
32000.0,1950,3,1,one,no,no,no,yes,no,0,no,14059.605357160326,7,1,0.4393626674112602,31684.798617071283,-315.20138292871707,4,0,-0.009850043216522409
38000.0,2430,3,1,one,no,no,no,no,no,0,no,-5239.150419970174,6,0,-0.13787237947289932,37070.33634485542,-929.6636551445772,4,0,-0.024464833030120453
46000.0,4320,3,1,one,no,no,no,no,no,1,no,-3381.4529238243704,6,0,-0.07350984617009501,46911.2460613959,911.2460613958974,4,0,0.019809696986867336
50000.0,3036,3,1,two,yes,no,yes,no,no,0,no,246.78312380122952,6,0,0.004935662476024591,50207.10673237048,207.1067323704774,4,0,0.004142134647409548
57500.0,3630,3,2,two,yes,no,no,yes,no,2,no,26909.846114899963,9,3,0.46799732373739067,56252.263376303184,-1247.7366236968155,4,0,-0.02169976736864027
70000.0,5400,4,1,two,yes,no,no,no,no,0,no,-13459.3984317633,5,1,-0.19227712045376144,69524.5787361583,-475.4212638416939,4,0,-0.006791732340595626
69900.0,3420,4,2,two,yes,no,yes,no,yes,2,no,17697.76265471529,8,2,0.2531868763192459,69317.2351523825,-582.7648476174945,4,0,-0.008337122283512082
74500.0,3180,3,2,two,yes,no,no,no,no,2,no,-6636.531381827517,6,0,-0.0890809581453358,75835.36674963846,1335.3667496384587,4,0,0.017924385901187365
42000.0,3660,4,1,two,no,no,no,no,no,0,no,1430.2706966245169,6,0,0.03405406420534564,41720.082261264855,-279.91773873514467,4,0,-0.006664708065122492
60000.0,4410,2,1,one,no,no,no,no,no,1,no,-18958.39106893912,5,2,-0.31597318448231865,59268.13460751503,-731.8653924849714,4,0,-0.01219775654141619
50000.0,3990,3,1,two,yes,no,no,no,no,0,no,-274.4361246151093,6,0,-0.005488722492302186,49263.634925278915,-736.365074721085,4,0,-0.0147273014944217
58000.0,4340,3,1,one,yes,no,no,no,no,0,no,-11535.168266281122,5,1,-0.19888221148760554,59063.00787045894,1063.0078704589396,4,0,0.018327721904464477
63900.0,3510,3,1,two,yes,no,no,no,no,0,no,-15850.627979890967,5,2,-0.24805364600768337,64508.4215026331,608.4215026331003,4,0,0.009521463264993745
28000.0,3420,5,1,two,no,no,no,no,no,0,no,16483.39888696556,8,2,0.588692817391627,29039.21087826639,1039.210878266389,4,0,0.03711467422379961
54000.0,3420,2,1,two,yes,no,no,yes,no,1,no,10076.501627669291,7,1,0.18660188199387576,51547.287857959105,-2452.712142040895,4,1,-0.04542059522297953
44700.0,5495,3,1,one,yes,no,yes,no,no,0,no,9650.818946253537,7,1,0.2159019898490724,45388.44681950559,688.4468195055888,4,0,0.015401494843525477
47000.0,3480,4,1,two,no,no,no,no,no,1,no,-940.6091831068261,6,0,-0.020012961342698428,45399.14406188904,-1600.855938110959,4,0,-0.0340607646406587
50000.0,7424,3,1,one,no,no,no,no,no,0,no,200.22900762909558,6,0,0.004004580152581911,50167.962949663844,167.96294966384448,4,0,0.0033592589932768895
57250.0,3460,4,1,two,yes,no,no,no,yes,0,no,5668.316249978874,7,0,0.0990098908293253,54570.79647361691,-2679.2035263830912,4,1,-0.04679831487132037
67000.0,3630,3,1,two,yes,no,no,no,no,2,no,-12016.19588407781,5,1,-0.17934620722504194,66344.6195520005,-655.3804479995015,4,0,-0.009781797731335843
52500.0,3630,2,1,one,yes,no,no,no,yes,0,no,2746.5639266264625,6,0,0.05231550336431357,49724.84900652401,-2775.150993475989,4,1,-0.05286001892335217
42000.0,3480,3,1,two,no,no,no,no,no,1,no,2168.166698914203,6,0,0.05162301664081436,41643.50591481039,-356.4940851896099,4,0,-0.008487954409276426
57500.0,3460,3,2,one,yes,no,yes,no,yes,1,no,20605.57375587421,8,2,0.3583578044499863,55747.56152625291,-1752.43847374709,4,0,-0.03047719084777548
33000.0,3180,2,1,one,yes,no,no,no,no,0,no,7522.810632156572,7,0,0.22796395855019916,34467.01995445364,1467.0199544536372,5,0,0.0444551501349587
34400.0,3635,2,1,one,no,no,no,no,no,0,no,677.5654320663016,6,0,0.019696669536811092,37874.4821530317,3474.4821530316985,5,1,0.10100238816952611
40000.0,3960,3,1,one,yes,no,no,no,no,0,no,5137.8465149588155,7,0,0.1284461628739704,40675.042812203064,675.0428122030644,4,0,0.01687607030507661
40500.0,4350,3,1,two,no,no,no,yes,no,1,no,21681.212069008056,8,2,0.5353385696051371,40760.60140298503,260.60140298502665,4,0,0.0064346025428401645
46500.0,3930,2,1,one,no,no,no,no,no,0,no,-10392.274990212085,5,1,-0.22348978473574377,46381.767782745475,-118.23221725452458,4,0,-0.002542628328054292
52000.0,3570,3,1,two,yes,no,yes,no,no,0,no,111.54656279562914,6,0,0.002145126207608253,52406.99013966744,406.9901396674395,4,0,0.007826733455143068
53000.0,3600,3,1,one,yes,no,no,no,no,1,no,-5861.605310500978,6,0,-0.11059632661322599,51131.91000270127,-1868.0899972987318,4,0,-0.035246981081108145
53900.0,2520,5,2,one,no,no,yes,no,yes,1,no,17671.344212346405,8,2,0.3278542525481708,53886.98252656929,-13.017473430707469,4,0,-2.4151156643242058E-4
50000.0,3480,3,1,one,no,no,no,no,yes,0,no,-420.1573064054537,6,0,-0.008403146128109074,48229.948796636905,-1770.0512033630948,4,0,-0.035401024067261894
55500.0,3180,4,2,two,yes,no,no,no,no,0,no,7739.308604157261,7,0,0.1394470018767074,56768.96818635521,1268.9681863552105,4,0,0.022864291646039828
56000.0,3290,2,1,one,yes,no,no,yes,no,1,no,3139.5776307274064,7,0,0.0560638862629894,52102.8282324038,-3897.171767596199,3,1,-0.06959235299278926
60000.0,4000,4,2,two,no,no,no,no,no,0,no,-931.3323726503295,6,0,-0.015522206210838824,64947.94570769133,4947.945707691331,5,2,0.08246576179485553
60000.0,2325,3,1,two,no,no,no,no,no,0,no,-23122.86201884043,4,2,-0.3853810336473405,64014.06802688089,4014.0680268808865,5,1,0.06690113378134811
69500.0,4350,2,1,one,yes,no,yes,no,no,0,no,-21038.821159831394,4,2,-0.3027168512205956,71754.40236460364,2254.4023646036367,5,1,0.03243744409501635
72000.0,3540,2,1,one,no,yes,yes,no,no,0,no,-28708.024587302833,4,3,-0.39872256371253934,70517.64881708502,-1482.3511829149793,4,0,-0.02058821087381916
92500.0,3960,3,1,one,yes,no,yes,no,no,2,no,-36994.11879226986,3,4,-0.39993641937589036,91628.38947249753,-871.6105275024747,4,0,-0.009422816513540268
40500.0,2640,2,1,one,no,no,no,no,no,1,no,-5639.3485352688585,6,0,-0.1392431737103422,40514.52125422213,14.521254222127027,4,0,3.5854948696609944E-4
42000.0,2700,2,1,one,no,no,no,no,no,0,no,-10187.51661935648,5,1,-0.24255991950848763,42741.5696877225,741.5696877224982,4,0,0.017656421136249958
47900.0,2700,3,1,one,no,no,no,no,no,0,no,-14196.29250137751,5,1,-0.29637353865088745,48691.11792729448,791.1179272944792,4,0,0.016516031885062194
52000.0,3180,3,1,two,no,no,yes,no,no,0,no,-8284.494715853187,6,1,-0.15931720607409974,54962.79556829302,2962.7955682930187,5,1,0.05697683785178882
62000.0,3500,4,1,two,yes,no,no,no,no,2,no,-5578.9403935693845,6,0,-0.08998290957369975,58775.250166241196,-3224.749833758804,3,1,-0.05201209409288394
41000.0,3630,2,1,one,yes,no,no,no,no,0,no,1094.2404964776943,6,0,0.026688792597016932,42200.955157815835,1200.9551578158353,4,0,0.029291589215020373
138300.0,6000,4,3,two,yes,yes,yes,yes,no,2,no,-20725.48182980421,4,2,-0.14985887078672602,137561.28592332962,-738.7140766703815,4,0,-0.005341388840711362
42000.0,3150,3,1,two,no,no,no,no,no,0,no,-2241.907267585055,6,0,-0.05337874446631083,42350.316461876806,350.316461876806,4,0,0.008340868139923952
47000.0,3792,4,1,two,yes,no,no,no,no,0,no,3925.358853062571,7,0,0.08351827346941641,46348.14108678135,-651.8589132186535,4,0,-0.013869338579120287
64500.0,3510,3,1,three,yes,no,no,no,no,0,no,-10510.559693354298,5,1,-0.16295441385045423,64644.29860016284,144.29860016283783,4,0,0.0022371875994238424
46000.0,3120,3,1,two,no,no,no,no,no,0,no,-6346.669258539798,6,0,-0.1379710708378217,45897.60210188335,-102.39789811665105,4,0,-0.0022260412634054574
58000.0,3000,4,1,three,yes,no,yes,no,yes,2,no,19620.068701314158,8,2,0.338277046574382,57890.68037871406,-109.31962128594023,4,0,-0.001884821056654142
70100.0,4200,3,1,two,yes,no,no,no,no,1,no,-16383.410121934823,5,2,-0.23371483768808593,68919.75169738768,-1180.2483026123227,4,0,-0.01683663769775068
78500.0,2817,4,2,two,no,yes,yes,no,no,1,no,-11758.598531314303,5,1,-0.14979106409317583,79137.29098057759,637.2909805775853,4,0,0.008118356440478794
87250.0,3240,4,1,three,yes,no,no,no,no,1,no,-29054.5014279709,4,3,-0.33300288169594155,82460.48187597876,-4789.5181240212405,3,2,-0.054894190533194734
70800.0,2800,3,2,two,no,no,yes,no,yes,1,no,2449.6299281040556,6,0,0.03459929276983129,70708.99531885334,-91.00468114666,4,0,-0.001285376852353955
56000.0,3816,2,1,one,yes,no,yes,no,yes,2,no,10264.122963317175,7,1,0.18328791005923528,54019.30635155979,-1980.6936484402104,4,0,-0.03536952943643233
48000.0,3185,2,1,one,yes,no,yes,no,no,2,no,2908.305656753684,6,0,0.06058970118236842,46601.52947101165,-1398.4705289883495,4,0,-0.029134802687257284
68000.0,6321,3,1,two,yes,no,yes,no,yes,1,no,10128.236629491294,7,1,0.14894465631604845,66418.49822952544,-1581.501770474555,4,0,-0.023257378977566988
79000.0,3650,3,2,two,yes,no,no,no,no,2,no,-9495.260190203233,5,1,-0.12019316696459789,79983.67272934048,983.6727293404838,4,0,0.01245155353595549
80000.0,4700,4,1,two,yes,yes,yes,no,yes,1,no,-947.6731059071753,6,0,-0.011845913823839692,77923.9354191946,-2076.064580805396,4,0,-0.02595080726006745
87000.0,6615,4,2,two,yes,yes,no,yes,no,1,no,11160.701991422364,7,1,0.12828393093588925,85607.38777134701,-1392.6122286529862,4,0,-0.016007037110953866
25000.0,3850,3,1,two,yes,no,no,no,no,0,no,24236.674584262764,8,3,0.9694669833705105,27953.876896974074,2953.876896974074,5,1,0.11815507587896296
32500.0,3970,1,1,one,no,no,no,no,no,0,no,1856.1835464152682,6,0,0.05711333988970056,35853.49401375425,3353.494013754251,5,1,0.10318443119243849
36000.0,3000,2,1,two,yes,no,no,no,no,0,no,8377.194055899454,7,1,0.23269983488609594,36111.42205736345,111.42205736345204,4,0,0.003095057148984779
42500.0,4352,4,1,two,no,no,no,no,no,1,no,6604.47268731099,7,0,0.1553993573484939,43297.49198814248,797.4919881424794,4,0,0.01876451736805834
43000.0,3630,4,1,two,yes,no,no,no,no,3,no,17132.72029989827,8,2,0.3984353558115876,41986.19208321233,-1013.8079167876713,4,0,-0.023576928297387705
50000.0,3600,6,1,two,yes,no,no,no,no,1,no,7295.022412907267,7,0,0.14590044825814533,47339.36567903025,-2660.6343209697516,4,1,-0.053212686419395035
26000.0,3000,2,1,one,yes,no,yes,no,no,2,no,24262.273379199447,8,3,0.9331643607384402,28433.92993917895,2433.92993917895,5,1,0.09361268996842115
30000.0,3000,4,1,two,yes,no,no,no,no,0,no,18159.642291857395,8,2,0.6053214097285798,30772.16982601399,772.1698260139892,4,0,0.025738994200466308
34000.0,2787,4,2,two,yes,no,no,no,no,0,no,27866.926522650152,9,3,0.8196154859602985,38411.16411268989,4411.16411268989,5,1,0.12974012096146736
52000.0,3000,2,1,two,yes,no,no,no,yes,0,no,5529.517486048237,7,0,0.10633687473169685,48833.944273171284,-3166.0557268287157,3,1,-0.060885687054398376
70000.0,4770,3,1,one,yes,yes,yes,no,no,0,no,-13487.423443942287,5,1,-0.1926774777706041,69138.05187251233,-861.9481274876744,4,0,-0.012313544678395348
27000.0,3649,2,1,one,yes,no,no,no,no,0,no,15160.589757415699,8,1,0.5615033243487296,30504.109635943703,3504.1096359437033,5,1,0.1297818383682853
32500.0,3970,3,1,two,yes,no,yes,no,no,0,no,21008.373108858847,8,2,0.6464114802725799,31846.770389651552,-653.2296103484477,4,0,-0.020099372626106084
37200.0,2910,2,1,one,no,no,no,no,no,0,no,-4654.182682673287,6,0,-0.12511243770627115,37083.89203619293,-116.10796380707325,4,0,-0.003121181822770786
38000.0,3480,2,1,one,yes,no,no,no,no,1,no,6828.122607701087,7,0,0.17968743704476545,40126.56668595084,2126.566685950842,5,0,0.05596228120923268
42000.0,6615,3,1,two,yes,no,no,no,no,0,no,16892.238083924756,8,2,0.4021961448553513,43527.73515040532,1527.7351504053222,5,0,0.036374646438221955
44500.0,3500,2,1,one,yes,no,no,no,no,0,no,-2859.728130992851,6,0,-0.06426355350545733,44328.005129251476,-171.99487074852368,4,0,-0.0038650532752477233
45000.0,3450,3,1,two,yes,no,yes,no,no,0,no,6692.498598976665,7,0,0.14872219108837031,45773.048798560296,773.0487985602958,4,0,0.017178862190228798
48500.0,3450,3,1,one,yes,no,yes,no,no,2,no,5224.927361499533,7,0,0.10773046106184604,48782.2309331018,282.23093310179684,4,0,0.005819194496944265
52000.0,3520,2,2,one,yes,no,yes,no,no,0,no,8013.858123658843,7,1,0.15411265622420853,52724.70133254155,724.7013325415464,4,0,0.013936564087337431
53900.0,6930,4,1,two,no,no,no,no,no,1,no,4207.019776688423,7,0,0.07805231496639004,54470.26525983993,570.2652598399291,4,0,0.010580060479404992
60000.0,4600,3,2,two,yes,no,no,no,yes,1,no,22716.834220848585,8,2,0.37861390368080977,58364.959422633634,-1635.040577366366,4,0,-0.027250676289439436
61000.0,4360,4,1,two,yes,no,no,no,no,0,no,-8091.147451527664,6,1,-0.1326417615004535,62661.12115684339,1661.1211568433864,5,0,0.027231494374481746
64500.0,3450,3,1,two,yes,no,yes,no,no,1,no,-9549.809335026235,5,1,-0.1480590594577711,63308.407603146276,-1191.5923968537245,4,0,-0.018474300726414334
71000.0,4410,4,3,two,yes,no,yes,no,no,2,no,21353.67929264439,8,2,0.3007560463752731,68981.84234525554,-2018.1576547444565,4,0,-0.028424755700626147
75500.0,4600,2,2,one,yes,no,no,no,yes,2,no,4100.346799395382,7,0,0.05430922913106466,72952.36220052317,-2547.6377994768263,4,1,-0.033743547012938094
33500.0,3640,2,1,one,yes,no,no,no,no,0,no,8629.161160129275,7,1,0.2575869003023664,35489.66793617363,1989.6679361736315,5,0,0.05939307272160094
41000.0,6000,2,1,one,yes,no,no,no,no,0,no,9370.437781902256,7,1,0.22854726297322575,45763.5917825459,4763.591782545896,5,2,0.1161851654279487
41000.0,5400,4,1,two,yes,no,no,no,no,0,no,15540.6015682367,8,1,0.3790390626399195,40259.1159299418,-740.8840700582005,4,0,-0.01807034317215123
46200.0,3640,4,1,two,yes,no,yes,no,no,0,no,8047.2153263356595,7,1,0.17418214992068526,47137.15234112578,937.1523411257804,4,0,0.020284682708350224
48500.0,3640,2,1,one,yes,no,no,no,no,0,no,-6370.838839870725,6,0,-0.13135750185300463,46365.22812193888,-2134.7718780611176,4,0,-0.044015915011569436
48900.0,4040,2,1,one,yes,no,no,no,no,0,no,-5374.012293807507,6,0,-0.10989800191835393,47018.47220399618,-1881.527796003822,4,0,-0.038477051043022945
50000.0,3640,2,1,one,yes,no,no,no,no,1,no,-4613.146773873625,6,0,-0.0922629354774725,48786.794328403026,-1213.2056715969738,4,0,-0.024264113431939478
51000.0,3640,2,1,one,yes,no,no,no,no,0,no,-8870.838839870725,5,1,-0.17393801646805343,51311.859602667224,311.85960266722395,4,0,0.006114894169945568
52500.0,5640,2,1,one,no,no,no,no,no,0,no,-10420.841505791825,5,1,-0.19849221915793952,52722.787273393,222.78727339299803,4,0,0.004243567112247581
52500.0,3600,2,1,one,yes,no,no,no,no,0,no,-10510.521494477049,5,1,-0.20020040941861045,51400.10556610371,-1099.8944338962901,4,0,-0.020950370169453145
54000.0,3600,2,1,one,yes,no,no,no,no,0,no,-12010.521494477049,5,1,-0.22241706471253794,54685.47067348499,685.4706734849897,4,0,0.012693901360833142
59000.0,4632,4,1,two,yes,no,no,no,yes,0,no,8011.018029944098,7,1,0.135779966609222,58923.619430573046,-76.38056942695403,4,0,-0.0012945859224907461
60000.0,3640,3,2,two,yes,no,yes,no,no,0,no,6807.085574928118,7,0,0.11345142624880197,59162.49349646037,-837.5065035396328,4,0,-0.013958441725660548
63000.0,4900,2,1,two,yes,no,yes,no,no,0,no,-8135.229289523144,6,1,-0.1291306236432245,63044.88088860661,44.880888606610824,4,0,7.123950572477908E-4
64000.0,4510,4,1,two,yes,no,no,no,yes,2,no,9100.370065389012,7,1,0.1421932822717033,64387.8849327931,387.88493279310205,4,0,0.0060607020748922194
64900.0,4100,2,2,one,yes,yes,yes,no,no,0,no,1832.7623399942677,6,0,0.028239789522253738,67878.47780493589,2978.4778049358865,5,1,0.04589334059993662
65000.0,3640,3,1,two,yes,no,no,no,yes,0,no,-3344.3359222716535,6,0,-0.05145132188110236,64346.41373358703,-653.5862664129672,4,0,-0.010055173329430265
66000.0,5680,3,1,two,yes,yes,no,no,yes,1,no,10730.677253191621,7,1,0.16258601898775185,67037.39653165056,1037.3965316505637,4,0,0.015718129267432785
70000.0,6300,3,1,one,yes,no,no,no,yes,2,no,2976.9893715716025,7,0,0.04252841959388003,72513.26074655379,2513.2607465537876,5,1,0.03590372495076839
65500.0,4000,3,1,two,yes,no,no,no,no,1,no,-12481.823394966428,5,1,-0.19056218923612867,65111.78724056134,-388.21275943866203,4,0,-0.0059269123578421685
57000.0,3960,3,1,two,yes,no,no,no,no,0,no,-7379.198115569852,6,0,-0.12945961606262898,58739.068661767735,1739.0686617677347,5,0,0.03050997652224096
52000.0,5960,3,1,two,yes,yes,yes,no,no,0,no,13151.090900067116,7,1,0.25290559423205994,51233.51866613246,-766.4813338675376,4,0,-0.0147400256512988
54000.0,5830,2,1,one,yes,no,no,no,no,2,no,2292.1706318195793,6,0,0.042447604292955174,54555.40583707768,555.4058370776766,4,0,0.010285293279216233
74500.0,4500,4,2,one,no,no,yes,no,yes,2,no,5352.103563377459,7,0,0.07184031628694576,73044.15384385982,-1455.8461561401782,4,0,-0.019541559142821185
90000.0,4100,3,2,three,yes,no,no,no,yes,2,no,168.5613908033265,6,0,0.0018729043422591833,86933.47779559156,-3066.5222044084367,3,1,-0.03407246893787152
45000.0,6750,2,1,one,yes,no,no,no,no,0,no,7989.487555770786,7,1,0.17754416790601746,47932.68853885781,2932.6885388578085,5,1,0.06517085641906241
45000.0,9000,3,1,two,yes,no,no,no,no,2,no,28736.20049682088,9,3,0.6385822332626861,48188.127974737654,3188.127974737654,5,1,0.07084728832750342
65000.0,2550,3,1,two,yes,no,yes,no,no,0,no,-16450.361129665573,5,2,-0.2530824789179319,65154.738998877954,154.73899887795415,4,0,0.002380599982737756
55000.0,7152,3,1,two,yes,no,no,no,yes,0,no,18919.801152163403,8,2,0.34399638458478915,59022.52730318926,4022.5273031892575,5,1,0.0731368600579865
62000.0,6450,4,1,two,yes,no,no,no,no,0,no,-1792.7287483473483,6,0,-0.028914979812054004,66133.14256271458,4133.14256271458,5,1,0.0666635897212029
30000.0,3360,2,1,one,yes,no,no,no,no,1,no,14409.074643882122,7,1,0.48030248812940407,31328.673911262922,1328.673911262922,4,0,0.04428913037543074
34000.0,3264,2,1,one,yes,no,no,no,no,0,no,6816.144206829849,7,0,0.20047482961264262,34467.01995445364,467.0199544536372,4,0,0.01373588101334227
38000.0,4000,3,1,one,yes,no,no,no,no,0,no,7277.5291695651395,7,0,0.1915139255148721,39586.4839820145,1586.483982014499,5,0,0.04174957847406576
39000.0,4000,3,1,two,yes,no,no,no,no,1,no,14018.176605033572,7,1,0.3594404257700916,38043.90415079269,-956.0958492073114,4,0,-0.024515278184802855
45000.0,3069,2,1,one,yes,no,no,no,no,1,no,-1607.1166683788688,6,0,-0.03571370374175264,45332.917518784554,332.917518784554,4,0,0.0073981670841012
47000.0,4040,2,1,one,yes,no,no,no,no,0,no,-3474.0122938075074,6,0,-0.07391515518739378,47018.47220399618,18.472203996177996,4,0,3.9302561693995737E-4
47500.0,4040,2,1,one,yes,no,no,no,no,1,no,-716.3202278104072,6,0,-0.015080425848640153,48607.52866820742,1107.528668207422,4,0,0.023316393014893095
49000.0,3185,2,1,one,yes,no,no,no,no,2,no,-1944.344904023441,6,0,-0.03968050824537635,48040.578197596646,-959.4218024033544,4,0,-0.019580036783741928
50000.0,5900,2,1,one,yes,no,no,no,no,1,no,3278.9232113835533,7,0,0.06557846422767107,49037.148524683726,-962.8514753162744,4,0,-0.01925702950632549
50000.0,3120,3,1,two,yes,no,no,no,no,1,no,-54.8417963055108,6,0,-0.0010968359261102159,49278.16257302762,-721.837426972379,4,0,-0.014436748539447581
52900.0,5450,2,1,one,yes,no,no,no,no,0,no,-4450.198718934669,6,0,-0.08412473948836803,53753.82665644595,853.8266564459482,4,0,0.016140390481019815
53000.0,4040,2,1,one,yes,no,no,no,no,0,no,-9474.012293807507,5,1,-0.1787549489397643,52439.61245236132,-560.387547638682,4,0,-0.01057334995544683
55000.0,4080,2,1,one,yes,no,no,no,no,0,no,-11334.329639201183,5,1,-0.2060787207127488,56598.595884949216,1598.5958849492163,5,0,0.029065379726349386
56000.0,8080,3,1,one,yes,no,no,no,yes,2,no,23192.86750155293,8,2,0.4141583482420166,59876.95970021055,3876.959700210551,5,1,0.06923142321804555
58500.0,4040,2,1,two,yes,no,no,no,no,1,no,-7233.364858339075,6,0,-0.12364726253571068,59867.56926308212,1367.5692630821213,5,0,0.02337725236037814
59500.0,4080,3,1,two,yes,no,no,no,no,2,no,-2944.7660197566947,6,0,-0.04949186587826378,58443.99936600203,-1056.0006339979736,4,0,-0.017747909815091993
60000.0,5800,3,1,one,yes,no,no,yes,no,2,no,13053.580391250172,7,1,0.21755967318750288,57690.455163868064,-2309.544836131936,4,1,-0.038492413935532266
64000.0,5885,2,1,one,yes,no,no,no,yes,1,no,2378.8656460549537,6,0,0.03716977571960865,63417.33229846615,-582.66770153385,4,0,-0.009104182836466407
67000.0,9667,4,2,two,yes,yes,yes,no,no,1,no,30696.191466255463,9,3,0.4581521114366487,67074.15968174207,74.159681742065,4,0,0.0011068609215233584
68100.0,3420,4,2,two,yes,no,no,no,no,0,no,-4022.5954682048105,6,0,-0.05906894960653172,68569.18736007514,469.18736007514235,4,0,0.006889682233115159
70000.0,5800,2,1,one,yes,yes,yes,no,yes,0,no,1370.5042243403004,6,0,0.019578631776290007,70267.90668534789,267.9066853478871,4,0,0.003827238362112673
72000.0,7600,4,1,two,yes,no,no,no,yes,2,no,11890.855133727368,7,1,0.16515076574621343,70546.8172236922,-1453.1827763078036,4,0,-0.02018309411538616
57500.0,5400,3,1,one,yes,no,no,no,no,3,no,2439.498278777697,6,0,0.04242605702222082,55752.421133928896,-1747.5788660711041,4,0,-0.030392675931671376
69900.0,4995,4,2,one,yes,no,yes,no,no,0,no,-952.8957517750969,6,0,-0.013632271126968482,69976.94219067617,76.94219067617087,4,0,0.0011007466477277663
70000.0,3000,3,1,two,yes,no,yes,no,yes,0,no,-6726.607835195675,6,0,-0.0960943976456525,71089.15824485973,1089.1582448597328,4,0,0.015559403497996184
75000.0,5500,3,2,one,yes,no,yes,no,no,0,no,-6180.626355349261,6,0,-0.08240835140465681,76733.47335949462,1733.4733594946156,5,0,0.023112978126594873
76900.0,6450,3,2,one,yes,yes,yes,yes,no,0,no,14905.290048501003,8,1,0.19382691870612487,77375.27451963228,475.2745196322794,4,0,0.006180422882084258
78000.0,6210,4,1,four,yes,yes,no,no,yes,0,no,14842.436064604262,8,1,0.1902876418539008,80583.8542265102,2583.8542265102005,5,1,0.03312633623731026
80000.0,5000,3,1,four,yes,no,no,no,no,0,no,-11120.017509908474,5,1,-0.1390002188738559,80101.14054878244,101.14054878243769,4,0,0.001264256859780471
82000.0,5000,3,1,three,yes,no,no,no,yes,0,no,-9655.057379120044,5,1,-0.11774460218439078,81190.63151153366,-809.368488466338,4,0,-0.009870347420321196
83000.0,5828,4,1,four,yes,yes,no,no,no,0,no,-4643.856717034883,6,0,-0.05595008092813113,80831.89115977017,-2168.1088402298337,4,0,-0.02612179325578113
83000.0,5200,3,1,three,yes,no,no,no,yes,0,no,-9956.644106088439,5,1,-0.11995956754323421,80245.03598892878,-2754.9640110712207,4,1,-0.03319233748278579
83900.0,5500,3,1,three,yes,yes,no,no,yes,1,no,-1857.8264060001675,6,0,-0.0221433421454132,83097.14686181603,-802.8531381839712,4,0,-0.009569167320428739
88500.0,6350,3,2,three,yes,yes,no,no,yes,0,no,7703.832304958487,7,0,0.08704895259840098,89516.88026073015,1016.8802607301477,4,0,0.011490172437628787
93000.0,8250,3,2,three,yes,no,no,no,yes,0,no,5145.252674215008,7,0,0.055325297572204384,93436.50648373074,436.50648373074364,4,0,0.004693618104631652
98000.0,6000,3,1,one,yes,no,no,no,yes,1,no,-29328.322603972905,4,3,-0.2992685979997235,105505.55456543456,7505.554565434562,6,3,0.07658729148402614
98500.0,7700,3,2,one,yes,no,no,no,no,2,no,-19335.346780784486,5,2,-0.1962979368607562,101265.2788813954,2765.2788813953957,5,1,0.0280738972730497
99000.0,8880,3,2,two,yes,no,yes,no,yes,1,no,2515.5288245021366,6,0,0.025409382065678148,96779.23168928576,-2220.7683107142366,4,1,-0.022432003138527643
101000.0,8880,2,1,one,yes,no,no,no,yes,1,no,-24162.395590296714,4,3,-0.23923163950788826,114108.88615343721,13108.886153437212,7,5,0.12979095201422983
110000.0,6480,3,2,four,yes,no,no,no,yes,2,no,-1832.9573607601778,6,0,-0.016663248734183435,111985.08042477611,1985.0804247761116,5,0,0.018046185679782833
115442.0,7000,3,2,four,yes,no,no,no,yes,2,no,-5459.082850877996,6,0,-0.04728853321042598,113897.1513623186,-1544.8486376813962,4,0,-0.013382032862228619
120000.0,8875,3,1,one,yes,no,no,no,no,1,no,-54440.9552342923,2,7,-0.4536746269524358,118435.11663546257,-1564.8833645374252,4,0,-0.013040694704478543
124000.0,7155,3,2,one,yes,yes,yes,no,yes,2,no,-25040.04323432596,4,3,-0.20193583253488678,127272.34651489786,3272.3465148978576,5,1,0.026389891249176272
175000.0,8960,4,4,four,yes,no,no,no,yes,3,no,-24121.527858049318,4,3,-0.1378373020459961,174489.54779892927,-510.45220107072964,4,0,-0.0029168697204041694
50000.0,7350,2,1,one,yes,no,no,no,no,1,no,8342.419440862715,7,1,0.1668483888172543,50270.63173038228,270.6317303822798,4,0,0.005412634607645596
55000.0,3850,2,1,one,yes,no,no,no,no,0,no,-12137.504903187539,5,1,-0.22068190733068252,54685.47067348499,-314.5293265150103,4,0,-0.005718715027545642
60000.0,7000,3,1,one,yes,no,no,no,no,3,no,5526.804463030567,7,0,0.09211340771717612,59667.44617596586,-332.55382403414114,4,0,-0.0055425637339023524
61000.0,7770,2,1,one,yes,no,no,no,no,1,no,-1190.9126857709052,6,0,-0.019523158783129595,62154.7456438493,1154.7456438493027,4,0,0.018930256456545946
106000.0,7440,3,2,one,yes,yes,yes,no,yes,0,yes,-3865.4625112105277,6,0,-0.036466627464250265,109658.18047048459,3658.1804704845854,5,1,0.03451113651400552
155000.0,7500,3,3,one,yes,no,yes,no,yes,2,yes,-36382.96575527919,3,4,-0.23472881132438186,155510.19369362644,510.1936936264392,4,0,0.003291572216944769
141000.0,8100,4,1,two,yes,yes,yes,no,yes,2,yes,-38122.22945733313,3,4,-0.2703704216832137,134927.68705022798,-6072.312949772022,3,2,-0.04306604928916328
62500.0,3900,3,1,two,yes,no,no,no,no,0,no,-13088.72209747933,5,1,-0.2094195535596693,62641.896803785254,141.89680378525372,4,0,0.0022703488605640594
70000.0,2970,3,1,three,yes,no,no,no,no,0,no,-17896.275530539642,5,2,-0.2556610790077092,67554.88613364835,-2445.1138663516467,4,1,-0.03493019809073781
73000.0,3000,3,1,two,yes,no,yes,no,no,0,no,-22878.93126534445,4,2,-0.3134100173334856,74671.62478833552,1671.6247883355245,5,0,0.022898969703226364
80000.0,10500,2,1,one,yes,no,no,no,no,1,no,-10657.571508889436,5,1,-0.13321964386111795,80887.39935434921,887.3993543492106,4,0,0.011092491929365133
80000.0,5500,3,2,two,yes,no,no,no,no,1,no,-7292.6294806579535,6,0,-0.09115786850822442,80284.0562449715,284.0562449715071,4,0,0.003550703062143839
88000.0,4500,3,1,four,yes,no,no,no,yes,0,no,-7713.727262338711,6,0,-0.08765599161748534,85165.13077585377,-2834.8692241462268,3,1,-0.03221442300166167
49000.0,3850,3,1,one,yes,no,no,no,no,0,no,-4246.280785208568,6,0,-0.08665879153486873,47301.13609432661,-1698.8639056733882,4,0,-0.03467069195251812
52000.0,4130,3,2,two,yes,no,no,no,no,2,no,19180.931665072625,8,2,0.36886407048216585,51585.19100893741,-414.8089910625931,4,0,-0.007977095981972944
59500.0,4046,3,1,two,yes,no,yes,no,no,1,no,-2468.5377813920422,6,0,-0.041488029939362056,56273.60781934966,-3226.392180650342,3,1,-0.054225078666392305
60000.0,4079,3,1,three,yes,no,no,no,no,0,no,-4023.573931579376,6,0,-0.06705956552632293,57512.292299938825,-2487.7077000611753,4,1,-0.04146179500101959
64000.0,4000,3,1,two,yes,no,no,no,no,2,no,-7724.131328969335,6,0,-0.12068955201514586,64098.761330876834,98.76133087683411,4,0,0.001543145794950533
64500.0,9860,3,1,one,yes,no,no,no,no,0,no,1241.038069391274,6,0,0.019240900300639904,63664.07547970635,-835.9245202936509,4,0,-0.012960070082072107
68500.0,7000,3,1,two,yes,no,yes,no,no,0,no,-4410.665804712284,6,0,-0.06438928182061728,70256.12142849181,1756.1214284918096,5,0,0.025636809175062916
78500.0,7980,3,1,one,yes,no,no,no,no,2,no,-12808.662565111648,5,1,-0.16316767598868342,80259.19438378284,1759.194383782844,5,0,0.022410119538634955
86000.0,6800,2,1,one,yes,yes,yes,no,no,2,no,-17774.368708656228,5,2,-0.2066787059146073,87204.71605509307,1204.7160550930712,4,0,0.014008326222012455
86900.0,4300,6,2,two,yes,no,no,no,no,0,no,-15967.128830907779,5,2,-0.1837414134741977,83749.85741878688,-3150.14258121312,3,1,-0.03625020231545593
75000.0,10269,3,1,one,yes,no,no,no,no,1,yes,4121.7112197776005,7,0,0.054956149597034674,73619.75968168776,-1380.240318312237,4,0,-0.018403204244163158
78000.0,6100,3,1,three,yes,yes,no,no,yes,0,yes,11574.447288137148,7,1,0.14839034984791216,76003.32404764873,-1996.6759523512737,4,0,-0.02559840964552915
95000.0,6420,3,2,three,yes,no,no,no,yes,0,yes,5449.49716701539,7,0,0.05736312807384621,94349.82927678483,-650.1707232151675,4,0,-0.006843902349633342
97000.0,12090,4,2,two,yes,no,no,no,no,2,yes,12563.729990749212,7,1,0.12952298959535272,95259.42188938416,-1740.5781106158393,4,0,-0.017944104233152982
107000.0,6600,3,1,four,yes,no,no,no,yes,3,yes,-912.5857564759353,6,0,-0.00852883884556949,104010.11898856724,-2989.8810114327644,3,1,-0.027942813190960415
130000.0,6600,4,2,two,yes,yes,yes,no,yes,1,yes,-21166.926704495883,4,2,-0.1628225131115068,127907.04422925004,-2092.9557707499625,4,0,-0.016099659774999713
145000.0,8580,4,3,four,yes,no,no,no,yes,2,yes,-4462.573568338295,6,0,-0.03077636943681583,145740.8412270019,740.8412270018889,4,0,0.0051092498413923375
175000.0,9960,3,2,two,yes,no,yes,no,no,2,yes,-70912.94492423926,0,9,-0.40521682813851007,161846.5452645912,-13153.454735408799,1,5,-0.07516259848805028
72000.0,10700,3,1,two,yes,yes,yes,no,no,0,no,9703.485470916246,7,1,0.13477063154050342,67010.92428771003,-4989.075712289967,3,2,-0.06929271822624954
84900.0,15600,3,1,one,yes,no,no,no,yes,2,no,20553.20656754142,8,2,0.24208723872251378,82064.69246833591,-2835.3075316640898,3,1,-0.03339584842949458
99000.0,13200,2,1,one,yes,no,yes,yes,no,1,no,-1401.394129779248,6,0,-0.014155496260396444,98597.18877897602,-402.81122102397785,4,0,-0.0040688002123634125
114000.0,9000,4,2,four,yes,no,no,no,yes,2,no,4858.273997417069,7,0,0.04261643857383394,108606.05831076702,-5393.9416892329755,3,2,-0.047315277975727855
120000.0,7950,5,2,two,yes,no,yes,yes,no,2,no,-12869.32839088222,5,1,-0.10724440325735184,118525.84254283091,-1474.1574571690871,4,0,-0.01228464547640906
145000.0,16200,5,3,two,yes,no,no,no,no,0,no,-19951.66883693461,5,2,-0.1375977161167904,142973.8235916385,-2026.176408361498,4,0,-0.01397363040249309
79000.0,6100,3,2,one,yes,no,yes,no,no,2,yes,7124.723536779362,7,0,0.09018637388328306,82571.6949091804,3571.694909180398,5,1,0.04521132796430884
82000.0,6360,3,1,one,yes,yes,yes,no,yes,2,yes,8427.39557984157,7,1,0.10277311682733622,84149.95594408657,2149.9559440865705,5,0,0.026218974927885007
85000.0,6420,3,1,one,yes,no,yes,no,yes,0,yes,-5571.970294786908,6,0,-0.06555259170337539,87997.53830836936,2997.5383083693596,5,1,0.03526515656905129
100500.0,6360,4,2,three,yes,no,no,no,yes,2,yes,8146.581435079075,7,1,0.08106051179183159,96269.15032450728,-4230.849675492718,3,1,-0.04209800672132058
122000.0,6540,4,2,two,yes,yes,yes,no,yes,2,yes,-10118.758620408262,5,1,-0.08294064442957591,112196.81222216385,-9803.187777836152,2,4,-0.08035399817898485
126500.0,6420,3,2,two,yes,no,no,no,yes,1,yes,-28732.879053524186,4,3,-0.2271373838223256,124495.3655140752,-2004.6344859248056,4,0,-0.015846912932211903
133000.0,6550,4,2,two,yes,no,no,no,yes,1,yes,-32887.68630807467,3,4,-0.24727583690281707,127441.49051364446,-5558.509486355542,3,2,-0.04179330440868829
140000.0,5750,3,2,four,yes,yes,no,no,yes,1,yes,-24251.62620773929,4,3,-0.17322590148385206,137794.2819774497,-2205.7180225503107,4,0,-0.01575512873250222
190000.0,7420,4,2,three,yes,no,no,no,yes,2,yes,-77651.8282178534,0,9,-0.4086938327255442,188449.23993292305,-1550.7600670769461,4,0,-0.008161895089878664
84000.0,7160,3,1,one,yes,no,yes,no,no,2,yes,-8624.780482724527,5,1,-0.10267595812767294,83760.37371474983,-239.6262852501677,4,0,-0.002852693872025806
97000.0,4000,3,2,two,yes,no,yes,no,yes,0,yes,-7088.721162426635,6,0,-0.07307959961264572,92934.17665107123,-4065.823348928767,3,1,-0.041915704628131614
103500.0,9000,4,2,four,yes,yes,no,no,yes,1,yes,25488.813597003318,8,3,0.24626873040582917,103043.65579560935,-456.34420439065434,4,0,-0.0044091227477357905
112500.0,6550,3,1,two,yes,no,yes,no,yes,0,yes,-28135.046297845023,4,3,-0.2500893004252891,115008.07834551504,2508.0783455150377,5,1,0.022294029737911447
140000.0,13200,3,1,two,yes,no,yes,no,yes,2,yes,-25897.420837549842,4,3,-0.1849815774110703,138554.43607584861,-1445.5639241513854,4,0,-0.010325456601081324
74700.0,7085,3,1,one,yes,yes,yes,no,no,2,yes,5106.820264432376,7,0,0.06836439443684572,74186.45165157969,-513.5483484203141,4,0,-0.00687481055448881
78000.0,6600,4,2,two,yes,yes,yes,no,no,0,yes,14423.057799358241,8,1,0.18491099742766975,78137.37356369998,137.37356369997724,4,0,0.0017611995346150928
78900.0,6900,3,1,one,yes,yes,yes,no,no,0,yes,-6254.596145116069,6,0,-0.07927244797358769,78979.02945525135,79.02945525135146,4,0,0.001001640750967699
83900.0,11460,3,1,three,yes,no,no,no,no,2,yes,13061.47798268593,7,1,0.15567911779125065,76096.2154448195,-7803.784555180493,2,3,-0.09301292676019658
85000.0,7020,3,1,one,yes,no,yes,no,yes,2,yes,3038.6536563021073,7,0,0.035748866544730674,84449.79056858088,-550.2094314191199,4,0,-0.006473052134342587
85000.0,6540,3,1,one,yes,yes,yes,no,no,2,yes,-7096.355904578755,6,0,-0.08348654005386771,84933.43075240933,-66.56924759066897,4,0,-7.831676187137525E-4
86000.0,8000,3,1,one,yes,yes,yes,no,yes,2,yes,10154.384418700763,7,1,0.11807423742675306,84580.59276942158,-1419.4072305784211,4,0,-0.016504735239283967
86900.0,9620,3,1,one,yes,no,yes,no,no,2,yes,-2934.2972244357516,6,0,-0.033766366219053524,84881.4757118253,-2018.5242881746963,4,0,-0.023228127596947024
94500.0,10500,3,2,one,yes,no,yes,no,yes,1,yes,16884.44690762642,8,2,0.17867139584789865,92795.51707005347,-1704.4829299465346,4,0,-0.01803685640155063
96000.0,5020,3,1,four,yes,no,no,no,yes,0,yes,-5203.126811416936,6,0,-0.054199237618926414,95928.8645496449,-71.13545035509742,4,0,-7.409942745322648E-4
106000.0,7440,3,2,four,yes,no,no,no,no,1,yes,-2195.8632053147303,6,0,-0.020715690616176702,106138.92026092336,138.92026092336164,4,0,0.0013105684992769965
72000.0,6600,3,1,one,yes,yes,yes,no,no,0,yes,-402.2160546634841,6,0,-0.00558633409254839,73246.62300422785,1246.6230042278476,4,0,0.01731420839205344
74500.0,7200,3,1,two,yes,yes,yes,no,no,1,yes,6933.671199899778,7,0,0.09306941207919166,73291.50664991637,-1208.4933500836341,4,0,-0.016221387249444753
77000.0,6710,3,2,two,yes,yes,yes,no,no,1,yes,17173.65304754376,8,2,0.223034455162906,77017.79117141916,17.791171419157763,4,0,2.3105417427477616E-4
80750.0,6660,4,2,two,yes,yes,yes,no,no,1,yes,15140.27384726482,8,1,0.18749565135931665,78606.2993446799,-2143.7006553201063,4,0,-0.026547376536471906
82900.0,7000,3,1,one,yes,no,yes,no,no,2,yes,-8083.511101149823,6,1,-0.09750918095476264,83616.25004318042,716.2500431804219,4,0,0.00863992814451655
85000.0,7231,3,1,two,yes,yes,yes,no,yes,0,yes,6436.556621371361,7,0,0.07572419554554542,83500.9923189824,-1499.007681017596,4,0,-0.017635384482559954
92500.0,7410,3,1,one,yes,yes,yes,no,yes,2,yes,1594.0652632575075,6,0,0.017233137981162244,88716.82939762597,-3783.170602374026,3,1,-0.04089914164728677
76000.0,7800,3,1,one,yes,no,yes,no,yes,2,yes,14762.46542112538,8,1,0.1942429660674392,75838.24506577034,-161.7549342296552,4,0,-0.002128354397758621
77500.0,6825,3,1,one,yes,yes,yes,no,yes,0,yes,8035.822307645853,7,1,0.10368802977607551,80354.95668035834,2854.956680358344,5,1,0.03683815071430121
80000.0,6360,3,1,three,yes,no,no,no,no,0,yes,-7363.4446116142935,6,0,-0.09204305764517867,80660.56604426818,660.5660442681838,4,0,0.008257075553352297
80000.0,6600,4,2,one,yes,no,yes,no,no,0,yes,3246.5967053431523,7,0,0.0405824588167894,83512.23561468087,3512.2356146808743,5,1,0.04390294518351093
86000.0,6900,3,2,one,yes,yes,yes,no,no,0,yes,1096.4982214553456,6,0,0.012749979319248206,85599.82085015651,-400.17914984349045,4,0,-0.0046532459284126795
87000.0,6600,3,1,one,yes,yes,yes,no,no,2,yes,-8886.831922669284,5,1,-0.10214749336401475,85066.95937750171,-1933.0406224982871,4,0,-0.022218857729865368
87500.0,6420,3,1,three,yes,no,yes,no,no,0,yes,-10801.270068927683,5,1,-0.12344308650203066,87041.21928870639,-458.7807112936134,4,0,-0.005243208129069868
89000.0,6600,3,2,one,yes,no,yes,no,yes,0,yes,5507.69601751295,7,0,0.06188422491587584,88756.59577977384,-243.40422022616258,4,0,-0.0027348788789456468
89900.0,6600,3,2,three,yes,no,no,no,yes,0,yes,11178.069112743833,7,1,0.12433892227746199,89637.45547539323,-262.5445246067684,4,0,-0.002920406280386745
90000.0,9000,3,1,one,yes,no,yes,no,no,1,yes,-11457.070436830836,5,1,-0.12730078263145372,95212.6481269803,5212.648126980304,5,2,0.057918312522003385
95000.0,6500,3,2,three,yes,no,no,no,yes,0,yes,5728.862476228023,7,0,0.06030381553924235,94349.82927678483,-650.1707232151675,4,0,-0.006843902349633342
112000.0,6360,3,2,four,yes,no,no,no,yes,0,yes,-2072.663515533757,6,0,-0.018505924245837118,111614.00659239049,-385.9934076095087,4,0,-0.003446369710799185
31900.0,5300,3,1,one,no,no,no,no,yes,0,yes,32730.129419221776,9,4,1.0260228658063253,53909.40546548367,22009.405465483673,9,9,0.6899500145919647
52000.0,2850,3,2,two,no,no,yes,no,no,0,yes,13708.94369125567,7,1,0.2636335325241475,50957.206102857155,-1042.7938971428448,4,0,-0.020053728791208553
90000.0,6400,3,1,one,yes,yes,yes,no,yes,1,yes,-2690.6138315492135,6,0,-0.029895709239435707,92478.509191971,2478.5091919709957,5,1,0.027538991021899953
100000.0,11175,3,1,one,yes,no,yes,no,yes,1,yes,-709.5026624633174,6,0,-0.007095026624633174,99544.44929788077,-455.5507021192316,4,0,-0.004555507021192316
91700.0,6750,2,1,one,yes,yes,yes,no,no,2,yes,-14954.246085874547,5,1,-0.163077928962645,92397.33917722617,697.3391772261675,4,0,0.007604571180219929
174500.0,7500,4,2,two,yes,no,yes,no,yes,3,yes,-60702.1885684032,1,7,-0.34786354480460285,161207.97838130285,-13292.021618697152,1,6,-0.0761720436601556
94700.0,6000,3,1,two,yes,no,no,yes,no,1,yes,-11028.017091204398,5,1,-0.11645213401482997,94422.50112631853,-277.4988736814703,4,0,-0.0029302943366575534
68000.0,10240,2,1,one,yes,no,no,no,yes,2,yes,25539.232673354927,8,3,0.37557695107874894,67779.22610188232,-220.7738981176808,4,0,-0.0032466749723188354
80000.0,5136,3,1,two,yes,yes,yes,no,yes,0,yes,4120.677586365258,7,0,0.05150846982956573,81774.67420934966,1774.6742093496578,5,0,0.022183427616870723
61100.0,3400,3,1,two,yes,no,yes,no,no,2,yes,5628.005353752553,7,0,0.09211138058514816,58074.81516501799,-3025.1848349820066,3,1,-0.04951202675911631
62900.0,2880,3,1,two,yes,no,no,no,no,0,yes,-8355.903848900954,6,1,-0.13284425832910898,63202.69208134688,302.69208134688233,4,0,0.004812274743193678
65500.0,3840,3,1,two,yes,no,no,no,no,1,yes,-4345.828072352131,6,0,-0.06634852018858216,62356.22011167918,-3143.7798883208234,3,1,-0.04799663951634845
66000.0,2870,2,1,two,yes,yes,yes,no,no,0,yes,-4835.89234521061,6,0,-0.0732710961395547,60897.590263417806,-5102.4097365821945,3,2,-0.07730923843306355
49500.0,5320,2,1,one,yes,no,no,no,no,1,yes,10448.250660631478,7,1,0.21107577092184804,51967.57454817967,2467.5745481796694,5,1,0.049849990872316556
50000.0,3512,2,1,one,yes,no,no,no,no,1,yes,3634.5946724257374,7,0,0.07269189344851475,49056.33826893554,-943.6617310644579,4,0,-0.018873234621289158
53500.0,3480,2,1,one,yes,no,no,no,no,0,yes,-3234.8435172564277,6,0,-0.06046436480853136,53730.98885223496,230.98885223495745,4,0,0.0043175486399057465
58550.0,3600,3,1,one,yes,no,yes,no,yes,0,yes,11030.4025554674,7,1,0.18839287028979335,56969.915461685065,-1580.0845383149353,4,0,-0.026986926358922893
64500.0,3520,2,1,two,yes,no,no,no,no,0,yes,-9612.205493178772,5,1,-0.14902644175470964,63098.40073530474,-1401.5992646952582,4,0,-0.02173022115806602
65000.0,5320,3,1,two,yes,yes,yes,no,no,0,yes,6610.894367405563,7,0,0.10170606719085482,66324.60342021391,1324.6034202139126,4,0,0.020378514157137116
69000.0,6040,3,1,one,yes,no,no,no,no,2,yes,-1388.545372478664,6,0,-0.02012384597795165,74338.59425740875,5338.594257408753,5,2,0.07737093126679352
73000.0,11410,2,1,two,yes,no,no,no,no,0,yes,9440.198127918193,7,1,0.12931778257422183,71745.79835160277,-1254.2016483972257,4,0,-0.017180844498592134
75000.0,8400,3,1,two,yes,yes,yes,no,yes,2,yes,27034.166334235313,9,3,0.3604555511231375,74206.66917297104,-793.3308270289563,4,0,-0.010577744360386084
75000.0,5300,4,2,one,yes,no,no,no,yes,0,yes,13006.58330000934,7,1,0.17342111066679122,75024.62219348716,24.622193487157347,4,0,3.2829591316209795E-4
132000.0,7800,3,2,two,yes,no,no,no,no,0,yes,-45823.84296575196,2,5,-0.3471503254981209,130229.41572356039,-1770.5842764396075,4,0,-0.013413517245754602
60000.0,3520,3,1,two,yes,no,no,no,no,0,yes,-3220.981375199801,6,0,-0.05368302291999668,58855.67799065877,-1144.322009341231,4,0,-0.019072033489020517
65000.0,5360,3,1,two,yes,no,no,no,no,2,yes,4719.804868685198,7,0,0.0726123825951569,64942.29611012217,-57.70388987782644,4,0,-8.877521519665607E-4
69000.0,6862,3,1,two,yes,no,no,no,yes,2,yes,19117.211979301355,8,2,0.2770610431782805,71563.63553138182,2563.6355313818203,5,1,0.03715413813596841
51900.0,3520,3,1,one,yes,no,no,no,no,2,yes,6911.447387323067,7,0,0.13316854310834425,52251.49183240797,351.4918324079699,4,0,0.006772482319999421
57000.0,4050,2,1,two,yes,yes,yes,no,no,0,yes,8284.745965675873,7,1,0.1453464204504539,57177.442573716275,177.44257371627464,4,0,0.00311302760905745
65000.0,3520,3,1,one,yes,no,no,no,no,0,yes,-12703.936744671126,5,1,-0.1954451806872481,62201.75672975589,-2798.2432702441074,3,1,-0.04304989646529396
79500.0,4400,4,1,two,yes,no,no,no,yes,2,yes,1910.968706261221,6,0,0.024037342217122278,75410.48783393807,-4089.5121660619334,3,1,-0.05144040460455262
72500.0,5720,2,1,two,yes,no,no,no,yes,0,yes,3222.663940317696,7,0,0.04445053710783029,73899.924765478,1399.9247654780047,5,0,0.019309307110041442
104900.0,11440,4,1,two,yes,no,yes,no,no,1,yes,-11462.249018394912,5,1,-0.1092683414527637,103809.19477215751,-1090.8052278424875,4,0,-0.010398524574284914
114900.0,7482,3,2,three,yes,no,no,yes,no,1,yes,-5661.612084932101,6,0,-0.04927425661385641,105441.35588559674,-9458.644114403258,2,4,-0.0823206624404113
120000.0,5500,4,2,two,yes,no,yes,no,yes,1,yes,-19701.705430713497,5,2,-0.16418087858927913,124314.62254697684,4314.62254697684,5,1,0.035955187891473665
58000.0,4320,3,1,two,yes,no,no,no,no,2,yes,8088.055848920834,7,1,0.13944923877449714,58531.502567156014,531.5025671560143,4,0,0.009163837364758867
67000.0,5400,2,1,two,yes,no,no,no,no,0,yes,-5547.120726681656,6,0,-0.0827928466668904,67269.09235300691,269.09235300691216,4,0,0.0040163037762225694
67000.0,4320,3,1,one,yes,no,no,no,no,0,yes,-11910.283652544691,5,1,-0.17776542764992076,65294.49160839792,-1705.5083916020812,4,0,-0.025455349128389274
69000.0,4815,2,1,one,yes,no,no,no,yes,0,yes,-920.6114896216604,6,0,-0.013342195501763195,68400.3685823717,-599.6314176283049,4,0,-0.008690310400410217
73000.0,6100,3,1,one,yes,no,yes,no,yes,0,yes,5310.568468362515,7,0,0.07274751326523993,77200.70495125462,4200.704951254622,5,1,0.05754390344184414
73500.0,7980,3,1,one,yes,no,no,no,no,1,yes,-2371.628690069163,6,0,-0.03226705700774372,74286.61298770468,786.6129877046769,4,0,0.010702217519791522
74900.0,6050,3,1,one,yes,no,yes,no,no,0,yes,-9916.358280044158,5,1,-0.13239463658269904,78936.08346084873,4036.083460848735,5,1,0.053886294537366285
75000.0,3800,3,1,two,yes,yes,yes,no,no,1,yes,-5439.354441637566,6,0,-0.07252472588850088,70793.07787185822,-4206.922128141785,3,1,-0.056092295041890464
79500.0,5400,5,1,two,yes,yes,yes,no,yes,0,yes,9325.03134272492,7,1,0.11729599173238893,79122.08283399184,-377.9171660081629,4,0,-0.004753675044127835
120900.0,6000,3,2,four,yes,yes,yes,no,yes,0,yes,-3683.651121669769,6,0,-0.030468578343008843,119197.43587616918,-1702.5641238308162,4,0,-0.014082416243431069
44555.0,2398,3,1,one,yes,no,no,no,no,0,yes,3822.964793621548,7,0,0.08580327221684543,45332.37993844323,777.3799384432277,4,0,0.017447647591588546
47000.0,2145,3,1,two,yes,no,yes,no,no,0,yes,8830.077933485009,7,1,0.18787399858478743,48173.35589610629,1173.3558961062881,4,0,0.024965019066091238
47600.0,2145,3,1,two,yes,no,yes,no,no,0,yes,8230.077933485009,7,1,0.17290079692195395,49287.22676200611,1687.2267620061102,5,0,0.035445940378279625
49000.0,2145,3,1,three,yes,no,no,no,no,0,yes,8917.49565924456,7,1,0.18198970733152162,51139.76690776316,2139.766907763158,5,0,0.04366871240332976
49000.0,2610,3,1,two,yes,no,yes,no,no,0,yes,8453.888793283499,7,1,0.1725283427200714,49904.15972411954,904.1597241195414,4,0,0.01845223926774574
49000.0,1950,3,2,two,yes,no,yes,no,no,0,yes,20600.219358850605,8,2,0.420412639976543,48106.73167914353,-893.2683208564704,4,0,-0.0182299657317647
49500.0,2145,3,1,three,yes,no,no,no,no,0,yes,8417.49565924456,7,1,0.17005041735847595,51139.76690776316,1639.766907763158,5,0,0.03312660419723552
52000.0,2275,3,1,three,yes,no,no,yes,yes,0,yes,34498.735349270224,9,4,0.6634372182551966,51576.123986383354,-423.87601361664565,4,0,-0.00815146180032011
54000.0,2856,3,1,three,yes,no,no,no,no,0,yes,6400.354844871923,7,0,0.11852508971985043,53262.39281394115,-737.607186058849,4,0,-0.013659392334423131
55000.0,2015,3,1,two,yes,no,yes,no,no,0,yes,376.1093060144631,6,0,0.006838351018444783,56433.69503529318,1433.6950352931817,5,0,0.02606718245987603
55000.0,2176,2,1,two,yes,yes,no,no,no,0,yes,-112.03696340742317,6,0,-0.002037035698316785,54151.44733042986,-848.552669570141,4,0,-0.015428230355820746
56000.0,2145,4,2,one,yes,no,yes,no,no,0,yes,11689.44104856407,7,1,0.20874001872435838,56697.08906328095,697.0890632809533,4,0,0.01244801898715988
60000.0,2145,3,1,three,yes,no,no,no,no,1,yes,1175.1877252416598,6,0,0.019586462087360996,59645.3204450164,-354.67955498360243,4,0,-0.005911325916393374
60500.0,2787,3,1,one,yes,no,yes,no,no,0,yes,-6910.970829554855,6,0,-0.11423092280255959,61376.52948519871,876.5294851987128,4,0,0.014488090664441533
50000.0,9500,3,1,two,yes,no,no,no,no,3,yes,37434.6516864366,9,4,0.748693033728732,50949.61026703268,949.61026703268,4,0,0.0189922053406536
64900.0,4990,4,2,two,yes,yes,yes,no,no,0,yes,21900.830951453798,8,2,0.3374550223644653,63068.86742662072,-1831.1325733792764,4,0,-0.028214677555921056
93000.0,6670,3,1,three,yes,no,yes,no,no,0,yes,-15428.25347763818,5,1,-0.16589519868428151,91527.4795024188,-1472.520497581194,4,0,-0.015833553737432192
85000.0,6254,4,2,one,yes,no,yes,no,no,1,yes,296.03380899556214,6,0,0.003482750694065437,86396.51068818658,1396.5106881865795,5,0,0.016429537508077408
61500.0,10360,2,1,one,yes,no,no,no,no,1,yes,16048.265141028009,8,2,0.2609474006671221,60737.601033570194,-762.398966429806,4,0,-0.012396731161460261
88500.0,5500,3,2,one,yes,yes,yes,no,no,2,yes,222.9894422282814,6,0,0.002519654714443858,83832.71399111202,-4667.2860088879825,3,2,-0.05273769501568342
88000.0,5450,4,2,one,yes,no,yes,no,yes,0,yes,4383.043815560173,7,0,0.04980731608591106,84118.2550227116,-3881.7449772883992,3,1,-0.04411073837827727
89000.0,5500,3,1,three,yes,no,no,no,no,1,yes,-16108.929619653107,5,2,-0.18099920920958548,83943.07004829076,-5056.929951709244,3,2,-0.05681943765965443
89500.0,6000,4,1,three,yes,yes,yes,no,no,0,yes,-7683.208099771335,6,0,-0.0858459005561043,85324.93838727594,-4175.061612724065,3,1,-0.046648733103062175
95000.0,5700,3,1,one,yes,yes,yes,no,yes,2,yes,-6877.368221162746,6,0,-0.07239334969644995,95387.00231841735,387.00231841734785,4,0,0.004073708614919451
95500.0,6600,2,2,four,yes,no,yes,no,no,0,yes,4074.535424753558,7,0,0.04266529240579642,92850.40634484176,-2649.5936551582417,4,1,-0.027744436179667452
51500.0,4000,2,1,one,yes,no,no,no,no,0,yes,581.0309926257542,6,0,0.011282155196616586,53637.56393496038,2137.5639349603807,5,0,0.04150609582447341
62900.0,4880,3,1,one,yes,no,no,no,no,2,yes,660.6576439380005,6,0,0.010503301175484906,62923.57827291238,23.57827291238209,4,0,3.748533054432765E-4
118500.0,4880,4,2,two,yes,no,no,no,yes,1,yes,-24219.4371378886,4,3,-0.20438343576277299,120747.6013024623,2247.6013024622953,5,1,0.018967099598837935
42900.0,8050,2,1,one,yes,no,no,no,no,0,no,14629.173830476248,8,1,0.3410063829947843,43299.07136440041,399.0713644004136,4,0,0.009302362806536447
44100.0,8100,2,1,one,yes,no,no,no,no,1,no,16861.469214731245,8,2,0.38234624069685363,45607.6441824286,1507.6441824286012,5,0,0.03418694291221318
47000.0,5880,3,1,one,yes,no,no,no,no,1,no,8100.306002059362,7,1,0.17234693621402897,48811.50920763059,1811.5092076305882,5,0,0.038542749098523156
50000.0,5880,2,1,one,yes,no,no,no,no,0,no,-48.610181916708825,6,0,-9.722036383341765E-4,50589.93496563039,589.9349656303893,4,0,0.011798699312607786
50000.0,12944,3,1,one,yes,no,no,no,no,0,no,26510.570739538685,9,3,0.5302114147907737,49785.31446202236,-214.6855379776389,4,0,-0.0042937107595527775
53000.0,6020,3,1,one,yes,no,no,no,no,0,no,-668.4967728156116,6,0,-0.012613146656898333,57037.67019694874,4037.6701969487403,5,1,0.07618245654620265
53000.0,4050,2,1,one,yes,no,no,no,no,0,no,-9439.091630155926,5,1,-0.17809606849350804,52439.61245236132,-560.387547638682,4,0,-0.01057334995544683
54000.0,8400,2,1,one,yes,no,no,no,no,1,no,8009.08912427866,7,1,0.14831646526441963,54555.77639585793,555.7763958579308,4,0,0.01029215547885057
58500.0,5600,2,1,one,yes,no,no,no,yes,0,no,3625.9346659878065,7,0,0.061981789162184726,60219.152171249516,1719.152171249516,5,0,0.02938721660255583
59000.0,5985,3,1,one,yes,no,yes,no,no,0,no,-2938.0685348190236,6,0,-0.04979777177659362,60732.71661100418,1732.7166110041799,5,0,0.02936807815261322
60000.0,4500,3,1,one,yes,no,yes,no,no,0,no,-9123.787087078716,5,1,-0.1520631181179786,59482.14044998455,-517.8595500154479,4,0,-0.008630992500257464
62900.0,4920,3,1,two,yes,no,no,no,no,1,no,-6669.122339021029,6,0,-0.10602738217839473,62564.00057536882,-335.9994246311835,4,0,-0.005341803253277957
64000.0,8250,3,1,one,yes,no,no,no,no,0,no,-3881.1887785131767,6,0,-0.06064357466426838,63534.326062167296,-465.6739378327038,4,0,-0.007276155278635997
65000.0,8400,4,1,four,yes,no,no,no,no,3,no,27417.30844759915,9,3,0.4218047453476792,63314.49428018406,-1685.5057198159411,4,0,-0.025930857227937556
67900.0,6440,2,1,one,yes,no,no,no,yes,3,no,6932.346610711858,7,0,0.10209641547440144,67012.40753251316,-887.5924674868438,4,0,-0.013072054013061028
68500.0,8100,4,1,four,yes,no,yes,no,yes,2,no,36616.970462980535,9,4,0.534554313328183,68693.56402312366,193.56402312366117,4,0,0.002825752162389214
70000.0,6720,3,1,one,yes,no,no,no,no,0,no,-15224.05031720498,5,1,-0.21748643310292828,79113.74980859693,9113.749808596927,6,4,0.13019642583709895
70500.0,5948,3,1,two,yes,no,no,no,yes,0,no,-784.6467514868855,6,0,-0.011129741155842348,74541.21806575086,4041.218065750858,5,1,0.057322242067388056
71500.0,8150,3,2,one,yes,yes,yes,no,no,0,no,11266.85523686331,7,1,0.15757839492116518,71090.48850027446,-409.5114997255441,4,0,-0.005727433562595023
71900.0,4800,2,1,one,yes,yes,yes,no,no,0,no,-17173.885570966522,5,2,-0.23885793561844954,69682.40579477209,-2217.5942052279133,4,1,-0.03084275667910867
75000.0,9800,4,2,two,yes,yes,no,no,no,2,no,22565.677798041463,8,2,0.3008757039738862,74823.70659239359,-176.29340760641207,4,0,-0.0023505787680854944
75000.0,8520,3,1,one,yes,no,no,no,yes,2,no,5729.376702222464,7,0,0.07639168936296618,73735.77910591166,-1264.220894088343,4,0,-0.01685627858784457
87000.0,8372,3,1,three,yes,no,no,no,yes,2,no,3635.5745361870795,7,0,0.041788213059621604,79784.0298872963,-7215.970112703697,2,3,-0.08294218520349077
64000.0,4040,3,1,two,yes,no,no,no,no,1,no,-10842.140740360104,5,1,-0.16940844906812663,64993.342188468516,993.3421884685158,4,0,0.01552097169482056
70000.0,4646,3,1,two,yes,yes,yes,no,no,2,no,-2922.1001717563486,6,0,-0.041744288167947834,66649.24105533108,-3350.7589446689235,3,1,-0.04786798492384176
47500.0,4775,4,1,two,yes,no,no,no,no,0,no,6858.060090012928,7,0,0.14438021242132482,47204.909322475534,-295.0906775244657,4,0,-0.006212435316304541
62600.0,4950,4,1,two,yes,no,no,no,yes,0,no,5521.495134064346,7,0,0.08820279766875952,60592.9341119557,-2007.0658880443007,4,0,-0.0320617554000687
66000.0,5010,3,1,two,yes,no,yes,no,no,0,no,-8859.87787137679,5,1,-0.13424057380873924,67067.23140109227,1067.231401092271,4,0,0.01617017274382229
58900.0,6060,2,1,one,yes,no,yes,no,no,1,no,-1209.6956094140478,6,0,-0.020538125796503357,65421.33321339495,6521.333213394952,6,2,0.11071873027835231
53000.0,3584,2,1,one,yes,no,no,yes,no,0,no,3908.5530760867696,7,0,0.07374628445446735,49468.41353308987,-3531.5864669101284,3,1,-0.06663370692283262
95000.0,6000,3,2,three,yes,yes,no,no,yes,0,no,-18.39092284682556,6,0,-1.935886615455322E-4,94193.3431958644,-806.6568041355931,4,0,-0.008491124254058876
96500.0,6000,4,2,four,yes,no,no,no,yes,0,no,5366.690769948735,7,0,0.05561337585439103,96744.27915309422,244.2791530942195,4,0,0.0025313901875048655
101000.0,6240,4,2,two,yes,no,no,no,yes,1,no,-10664.952822313251,5,1,-0.1055935923001312,102348.81727915937,1348.817279159368,4,0,0.013354626526330375
102000.0,6000,3,2,two,yes,yes,no,no,no,1,no,-22853.090573535155,4,2,-0.224049907583678,111132.10582476688,9132.105824766884,6,4,0.08953044926242043
103000.0,7680,4,2,four,yes,yes,no,no,yes,1,no,12684.560053955109,7,1,0.12315106848500106,101390.86315443549,-1609.1368455645134,4,0,-0.015622687821014693
105000.0,6000,4,2,four,yes,yes,no,no,yes,1,no,4817.888560489591,7,0,0.04588465295704373,103444.91910741972,-1555.0808925802849,4,0,-0.014810294215050332
108000.0,6000,4,2,four,yes,no,no,no,yes,1,no,-2875.617164054158,6,0,-0.026626084852353314,109181.37088267026,1181.370882670264,4,0,0.010938619283983927
110000.0,6000,4,2,four,yes,no,no,no,no,2,no,-14770.248528205848,5,1,-0.13427498662005316,108548.36749754372,-1451.632502456283,4,0,-0.013196659113238937
113000.0,6000,4,2,four,yes,no,no,no,yes,1,no,-7875.617164054158,6,1,-0.06969572711552352,111027.01803802978,-1972.9819619702175,4,0,-0.017460017362568296
120000.0,7475,3,2,four,yes,no,no,no,yes,2,no,-8358.351327427925,6,1,-0.06965292772856604,120837.74026944343,837.7402694434277,4,0,0.006981168912028564
105000.0,5150,3,2,four,yes,no,no,no,yes,2,no,-1477.4056264203682,6,0,-0.014070529775432078,105674.10999203111,674.1099920311099,4,0,0.006420095162201047
106000.0,6325,3,1,four,yes,no,no,no,yes,1,no,-16083.014079928194,5,2,-0.1517265479238509,105227.73765141706,-772.262348582939,4,0,-0.007285493854556028
107500.0,6000,3,2,four,yes,no,no,no,yes,1,no,-4266.841282033129,6,0,-0.0396915468096105,109536.32913069153,2036.3291306915344,5,0,0.018942596564572412
108000.0,6000,3,2,three,yes,no,no,no,yes,0,no,-17711.89664739059,5,2,-0.16399904303139434,103252.8072662097,-4747.1927337903035,3,2,-0.043955488275836146
113750.0,6000,3,1,four,yes,yes,no,no,yes,2,no,-17016.737858063687,5,2,-0.14959769545550494,112099.54313896275,-1650.4568610372517,4,0,-0.014509510866261554
120000.0,7000,3,1,four,yes,no,no,no,yes,2,no,-24468.17721744941,4,3,-0.20390147681207843,120734.96739138376,734.9673913837614,4,0,0.0061247282615313455
70000.0,12900,3,1,one,yes,no,no,no,no,2,no,12872.303951465918,7,1,0.18389005644951312,67680.30358989097,-2319.696410109027,4,1,-0.03313852014441467
71000.0,7686,3,1,one,yes,yes,yes,yes,no,0,no,10670.389709264928,7,1,0.15028717900373137,64942.59483426897,-6057.4051657310265,3,2,-0.0853155657145215
82000.0,5000,3,1,three,yes,no,no,no,yes,0,no,-9655.057379120044,5,1,-0.11774460218439078,81190.63151153366,-809.368488466338,4,0,-0.009870347420321196
82000.0,5800,3,2,four,yes,no,no,no,yes,0,no,17277.05337893816,8,2,0.21069577291387998,82508.37745405987,508.3774540598679,4,0,0.006199725049510584
82500.0,6000,3,2,four,yes,no,no,no,yes,0,no,17475.466651969764,8,2,0.21182383820569411,83808.0995682445,1308.0995682445064,4,0,0.015855752342357653
83000.0,4800,3,1,three,yes,no,no,no,yes,0,no,-11353.47065215165,5,1,-0.13678880303797167,77309.49455756541,-5690.505442434587,3,2,-0.06856030653535647
84000.0,6500,3,2,three,yes,no,no,no,yes,0,no,8034.136535188431,7,1,0.09564448256176702,86028.88477213295,2028.8847721329512,5,0,0.024153390144439894
85000.0,7320,4,2,two,yes,no,no,no,no,0,no,-7303.536644088439,6,0,-0.08592396051868752,85397.09155187458,397.0915518745751,4,0,0.004671665316171472
85000.0,6525,3,2,four,yes,no,no,no,no,1,no,6914.170129526057,7,0,0.0813431779944242,83646.08397675403,-1353.916023245969,4,0,-0.015928423802893752
91500.0,4800,3,2,four,yes,yes,no,no,yes,0,no,8978.492738323868,7,1,0.09812560369752861,89045.80738417801,-2454.1926158219867,4,1,-0.026821777222098216
94000.0,6000,3,2,four,yes,no,no,no,yes,0,no,5975.466651969764,7,0,0.0635687941698911,94015.08265172434,15.082651724340394,4,0,1.6045374174830207E-4
103000.0,6000,3,2,four,yes,yes,no,no,yes,1,no,4926.664442510621,7,0,0.04783169361660797,102296.95162235656,-703.0483776434412,4,0,-0.0068257124043052545
105000.0,6000,3,2,two,yes,yes,no,no,yes,1,no,-12700.767143386387,5,1,-0.12095968707987036,105675.29207725528,675.2920772552752,4,0,0.006431353116716907
105000.0,6000,3,1,two,yes,no,no,no,yes,1,no,-31845.36723450158,3,4,-0.3032892117571579,110009.7257988205,5009.725798820495,5,2,0.0477116742744809
